DATE,DAY,1 am,2 am,3 am,4 am,5 am,6 am,7 am,8 am,9 am,10 am,11 am,Noon,1 pm,2 pm,3 pm,4 pm,5 pm,6 pm,7 pm,8 pm,9 pm,10 pm,11 pm,12 mid,TOTAL,Station number,Estimated,Direction
"Jan 1, 2006",Sunday,10,11,6,7,4,11,1,5,14,19,31,33,33,31,22,29,24,7,14,13,10,1,8,6,350,199,False,North
"Jan 2, 2006",Monday,2,0,2,1,2,11,12,8,9,16,12,23,29,39,33,39,39,41,26,17,12,13,6,3,395,199,False,North
"Jan 3, 2006",Tuesday,3,1,0,1,2,25,15,23,20,33,25,35,34,44,49,56,81,75,51,18,16,11,7,7,632,199,False,North
"Jan 4, 2006",Wednesday,6,1,1,0,4,19,20,25,23,31,29,35,36,50,50,53,74,72,38,24,18,16,7,10,642,199,False,North
"Jan 5, 2006",Thursday,3,4,0,1,5,12,18,27,26,32,36,39,28,41,56,63,73,70,34,18,17,30,13,11,657,199,False,North
"Jan 6, 2006",Friday,2,3,1,2,0,20,17,26,26,23,35,32,39,40,45,63,64,67,38,25,32,33,27,13,673,199,False,North
"Jan 7, 2006",Saturday,3,5,3,2,2,9,8,10,22,28,50,45,42,41,41,35,41,39,38,34,21,20,15,6,560,199,False,North
"Jan 8, 2006",Sunday,8,1,2,3,4,6,1,7,13,16,24,36,41,36,21,27,28,34,19,17,12,11,7,4,378,199,False,North
"Jan 9, 2006",Monday,2,1,0,3,2,17,14,30,28,23,27,50,42,41,27,60,71,71,31,26,20,24,11,3,624,199,False,North
"Jan 10, 2006",Tuesday,5,1,2,1,3,19,24,31,25,42,33,48,61,46,61,65,88,71,41,16,20,26,17,8,754,199,False,North
"Jan 11, 2006",Wednesday,4,3,0,1,6,16,20,26,31,36,36,36,49,48,45,83,80,82,37,24,27,18,13,9,730,199,False,North
"Jan 12, 2006",Thursday,4,1,0,2,4,13,15,25,31,27,43,32,46,32,44,58,81,53,35,24,15,32,14,7,638,199,False,North
"Jan 13, 2006",Friday,6,5,2,1,1,18,12,27,21,34,38,34,42,47,62,69,84,66,50,25,28,31,24,18,745,199,False,North
"Jan 14, 2006",Saturday,8,1,5,2,4,10,4,14,16,22,34,41,55,43,51,35,39,32,29,21,19,20,20,7,532,199,False,North
"Jan 15, 2006",Sunday,10,9,1,2,4,11,5,10,12,21,25,28,46,49,38,40,43,41,33,17,16,28,13,1,503,199,False,North
"Jan 16, 2006",Monday,3,0,0,0,4,21,15,16,31,23,31,29,41,38,50,55,59,75,39,21,19,18,13,4,605,199,False,North
"Jan 17, 2006",Tuesday,4,2,1,0,2,19,20,21,29,42,30,41,50,48,54,65,83,65,48,18,17,16,8,9,692,199,False,North
"Jan 18, 2006",Wednesday,2,2,0,0,3,18,17,18,25,34,31,41,34,52,38,52,79,65,31,18,29,17,14,7,627,199,False,North
"Jan 19, 2006",Thursday,3,0,0,0,7,15,23,25,22,34,30,24,44,35,58,64,77,75,26,32,21,21,15,6,657,199,False,North
"Jan 20, 2006",Friday,3,3,0,1,2,18,19,21,25,28,37,36,35,35,56,66,50,60,34,21,16,34,21,11,632,199,False,North
"Jan 21, 2006",Saturday,4,7,1,2,3,10,7,18,26,25,36,20,34,30,23,30,32,48,29,15,16,28,19,7,470,199,False,North
"Jan 22, 2006",Sunday,4,3,2,3,5,8,4,4,9,18,28,26,42,31,41,32,49,28,25,33,18,8,11,7,439,199,False,North
"Jan 23, 2006",Monday,3,2,0,0,3,17,13,24,21,32,36,34,36,49,38,52,84,69,27,31,16,14,18,4,623,199,False,North
"Jan 24, 2006",Tuesday,4,1,1,0,4,16,24,29,29,37,40,23,44,29,49,57,66,83,41,21,24,26,14,10,672,199,False,North
"Jan 25, 2006",Wednesday,1,4,1,0,2,18,17,26,31,32,33,21,42,43,42,56,83,83,38,27,20,18,9,7,654,199,False,North
"Jan 26, 2006",Thursday,1,3,1,0,5,15,16,29,28,31,33,40,41,41,44,66,88,73,38,31,35,19,12,7,697,199,False,North
"Jan 27, 2006",Friday,4,1,2,2,2,9,14,27,24,31,34,46,44,44,58,54,87,80,43,28,20,22,34,18,728,199,True,North
"Jan 28, 2006",Saturday,4,4,3,3,3,14,6,16,32,33,43,56,43,23,36,34,38,41,16,41,19,18,21,16,563,199,False,North
"Jan 29, 2006",Sunday,9,3,3,0,4,10,6,6,13,15,23,23,40,22,25,35,30,18,30,33,14,15,4,3,384,199,False,North
"Jan 30, 2006",Monday,1,0,0,2,3,20,15,21,30,44,30,41,31,46,23,61,88,67,36,39,30,11,15,3,657,199,False,North
"Jan 31, 2006",Tuesday,2,1,1,1,2,17,17,27,35,34,37,39,60,36,46,54,86,69,40,28,23,24,10,8,697,199,False,North
"Jan 1, 2006",Sunday,6,8,4,2,4,5,1,6,18,26,18,34,37,34,37,43,25,29,19,7,4,2,4,0,373,199,False,South
"Jan 2, 2006",Monday,2,0,2,0,10,10,21,20,18,19,27,41,36,27,32,30,31,22,30,9,9,11,6,1,414,199,False,South
"Jan 3, 2006",Tuesday,1,1,2,2,7,18,25,76,52,50,44,45,34,42,42,52,41,32,13,12,12,29,14,1,647,199,False,South
"Jan 4, 2006",Wednesday,2,0,2,2,4,18,28,55,59,44,44,35,32,43,42,37,41,46,25,10,12,10,7,8,606,199,False,South
"Jan 5, 2006",Thursday,1,3,3,4,3,21,29,72,58,48,40,53,44,43,39,44,36,38,17,16,11,7,7,1,638,199,False,South
"Jan 6, 2006",Friday,0,1,4,1,7,19,25,70,58,44,46,39,41,43,38,45,46,29,27,21,18,12,9,8,651,199,False,South
"Jan 7, 2006",Saturday,2,2,1,2,4,2,5,11,34,55,50,47,44,47,39,41,30,40,26,16,21,14,11,9,553,199,False,South
"Jan 8, 2006",Sunday,6,3,3,7,3,3,5,10,19,34,26,30,33,46,17,30,27,34,20,8,10,2,2,2,380,199,False,South
"Jan 9, 2006",Monday,2,2,2,2,4,23,34,75,52,36,35,35,26,41,42,38,49,34,15,15,9,14,6,4,595,199,False,South
"Jan 10, 2006",Tuesday,0,1,1,4,8,25,29,83,57,52,63,60,43,44,32,51,39,28,32,11,19,12,3,4,701,199,False,South
"Jan 11, 2006",Wednesday,0,1,1,1,7,20,24,82,58,44,49,49,51,59,44,39,54,37,32,18,17,7,8,1,703,199,False,South
"Jan 12, 2006",Thursday,2,1,1,2,6,18,23,80,59,35,45,50,39,42,45,37,42,35,15,11,10,10,7,4,619,199,False,South
"Jan 13, 2006",Friday,3,2,0,3,4,16,24,73,59,51,42,52,46,39,51,50,43,41,32,22,6,11,9,6,685,199,False,South
"Jan 14, 2006",Saturday,3,4,1,2,5,12,22,24,37,44,35,44,40,31,39,37,36,28,32,14,13,15,6,4,528,199,False,South
"Jan 15, 2006",Sunday,8,5,5,2,4,5,4,6,19,34,34,34,43,26,32,41,40,54,37,23,16,12,2,2,488,199,False,South
"Jan 16, 2006",Monday,4,1,4,1,5,17,29,53,49,42,42,54,40,36,41,42,47,32,26,14,17,15,6,1,618,199,False,South
"Jan 17, 2006",Tuesday,1,1,1,2,6,26,29,90,58,46,65,57,40,50,42,33,39,32,17,11,12,12,7,4,681,199,False,South
"Jan 18, 2006",Wednesday,2,1,0,0,5,16,35,81,39,36,43,39,51,40,50,43,37,26,28,21,8,15,3,3,622,199,False,South
"Jan 19, 2006",Thursday,1,1,2,3,5,20,26,78,59,37,46,32,40,54,50,29,57,31,39,13,10,9,4,0,646,199,False,South
"Jan 20, 2006",Friday,1,1,0,4,3,18,24,75,56,52,35,46,39,32,44,37,49,27,25,14,13,10,5,5,615,199,False,South
"Jan 21, 2006",Saturday,5,5,2,1,2,5,8,17,35,37,44,47,35,32,27,35,34,30,29,12,11,8,6,7,474,199,False,South
"Jan 22, 2006",Sunday,9,4,0,3,1,2,7,4,23,32,31,32,37,35,37,22,29,39,15,20,16,11,9,2,420,199,False,South
"Jan 23, 2006",Monday,2,1,2,1,6,23,28,80,42,52,34,45,30,46,49,32,39,39,32,12,3,10,6,1,615,199,False,South
"Jan 24, 2006",Tuesday,1,0,0,2,6,21,31,75,62,57,61,31,41,35,40,37,48,41,26,12,9,15,11,2,664,199,False,South
"Jan 25, 2006",Wednesday,0,1,0,3,6,16,21,78,53,44,40,44,38,33,45,51,43,33,29,13,10,12,3,4,620,199,False,South
"Jan 26, 2006",Thursday,1,2,3,2,2,17,30,88,47,53,44,45,47,39,47,39,51,31,26,21,5,27,3,6,676,199,False,South
"Jan 27, 2006",Friday,2,2,0,5,4,18,25,75,47,41,42,42,35,47,51,51,48,39,42,17,24,17,7,8,689,199,True,South
"Jan 28, 2006",Saturday,5,1,1,0,5,11,17,22,37,55,67,49,37,41,36,33,32,30,27,22,10,10,7,6,561,199,False,South
"Jan 29, 2006",Sunday,6,2,4,0,2,7,3,10,25,40,23,33,27,27,25,29,40,25,26,10,14,7,6,4,395,199,False,South
"Jan 30, 2006",Monday,2,1,1,2,7,21,34,72,50,47,38,43,38,52,50,46,37,40,36,12,6,18,4,3,660,199,False,South
"Jan 31, 2006",Tuesday,2,0,0,2,7,21,28,84,60,59,73,48,32,48,45,49,48,32,31,15,10,7,4,0,705,199,False,South
"Feb 1, 2006",Wednesday,1,3,0,1,5,16,24,28,35,31,28,39,37,58,40,56,71,71,33,26,22,12,12,4,653,199,False,North
"Feb 2, 2006",Thursday,3,2,1,1,3,17,21,27,32,35,37,33,54,44,59,73,85,71,42,23,19,34,19,4,739,199,False,North
"Feb 3, 2006",Friday,2,2,3,1,2,22,19,34,28,32,42,40,41,36,42,61,67,84,39,33,20,20,15,14,699,199,False,North
"Feb 4, 2006",Saturday,7,7,1,1,1,7,6,9,16,29,46,48,43,42,37,26,30,49,31,27,31,17,13,10,534,199,False,North
"Feb 5, 2006",Sunday,6,2,0,1,1,7,4,5,7,18,19,17,37,33,31,37,42,33,20,16,11,21,11,4,383,199,False,North
"Feb 6, 2006",Monday,0,2,0,0,3,18,19,23,26,35,52,35,38,43,37,51,85,68,31,38,25,13,9,10,661,199,False,North
"Feb 7, 2006",Tuesday,2,2,1,0,1,17,21,36,33,47,32,51,56,55,58,55,78,67,33,27,21,20,8,3,724,199,False,North
"Feb 8, 2006",Wednesday,0,2,0,1,2,19,19,31,39,36,37,37,39,62,36,62,82,82,43,23,19,14,11,8,704,199,False,North
"Feb 9, 2006",Thursday,2,1,2,0,3,14,13,33,20,17,36,36,37,38,29,50,73,58,22,16,22,10,27,3,562,199,False,North
"Feb 10, 2006",Friday,2,3,0,1,4,16,19,27,24,32,30,34,44,28,47,60,73,47,22,16,18,19,8,7,581,199,False,North
"Feb 11, 2006",Saturday,5,6,2,1,2,6,10,16,18,20,33,50,40,35,47,30,29,45,34,27,20,20,17,14,527,199,False,North
"Feb 12, 2006",Sunday,2,1,2,2,2,6,6,6,11,20,23,31,36,30,31,29,35,31,19,28,23,4,5,6,389,199,False,North
"Feb 13, 2006",Monday,3,1,0,0,4,16,23,22,35,36,33,40,32,42,40,51,76,72,38,40,27,18,11,3,663,199,False,North
"Feb 14, 2006",Tuesday,0,1,0,1,3,17,17,26,24,27,30,38,65,49,49,79,80,79,32,26,14,15,7,4,683,199,False,North
"Feb 15, 2006",Wednesday,4,1,1,3,5,11,20,32,35,30,36,39,34,39,43,59,64,74,37,27,20,8,11,4,637,199,False,North
"Feb 16, 2006",Thursday,3,2,1,1,5,11,10,21,27,25,30,20,33,38,39,49,61,66,27,26,14,7,9,8,533,199,False,North
"Feb 17, 2006",Friday,1,1,0,3,1,14,24,20,25,33,42,36,41,40,29,62,65,65,39,28,18,22,8,11,628,199,False,North
"Feb 18, 2006",Saturday,6,4,1,1,3,11,5,11,25,42,41,52,44,39,40,32,41,35,20,22,26,16,20,9,546,199,False,North
"Feb 19, 2006",Sunday,6,3,1,3,6,8,6,6,18,22,23,42,38,38,25,34,44,33,33,28,14,11,6,5,453,199,False,North
"Feb 20, 2006",Monday,3,0,1,0,5,22,19,11,27,25,37,29,45,46,48,50,68,63,30,22,19,15,12,5,602,199,False,North
"Feb 21, 2006",Tuesday,0,2,1,1,3,18,19,29,35,34,33,43,45,58,52,56,67,87,34,23,24,15,9,5,693,199,False,North
"Feb 22, 2006",Wednesday,2,1,0,2,9,17,21,22,30,33,36,38,42,34,50,55,92,67,39,21,26,20,8,5,670,199,False,North
"Feb 23, 2006",Thursday,3,4,4,1,7,17,17,18,25,26,29,37,41,33,44,54,69,88,37,29,27,23,7,8,648,199,False,North
"Feb 24, 2006",Friday,2,3,0,1,5,19,17,17,22,25,45,52,52,67,53,54,78,70,39,33,26,30,18,19,747,199,False,North
"Feb 25, 2006",Saturday,7,2,1,0,4,9,5,19,20,34,42,53,57,42,46,27,35,39,33,29,28,14,22,13,581,199,False,North
"Feb 26, 2006",Sunday,10,4,3,1,5,7,9,5,9,21,26,24,38,30,37,36,32,42,25,21,14,12,12,1,424,199,False,North
"Feb 27, 2006",Monday,0,0,2,2,2,21,13,26,28,22,41,57,37,46,45,54,70,66,30,25,25,13,22,2,649,199,False,North
"Feb 28, 2006",Tuesday,0,2,0,2,2,18,18,29,31,37,42,31,40,38,58,56,100,61,25,21,27,11,18,6,673,199,False,North
"Feb 1, 2006",Wednesday,0,0,0,1,5,17,36,80,53,55,50,40,53,37,49,42,41,28,28,6,13,12,3,3,652,199,False,South
"Feb 2, 2006",Thursday,0,1,2,1,7,18,29,79,48,35,48,56,49,56,49,47,41,49,32,19,10,9,9,7,701,199,False,South
"Feb 3, 2006",Friday,2,0,1,3,4,15,26,74,59,40,45,46,40,41,51,56,53,42,29,21,9,16,11,2,686,199,False,South
"Feb 4, 2006",Saturday,7,4,1,0,2,3,9,24,53,49,39,38,31,32,28,38,30,46,20,22,15,9,10,5,515,199,False,South
"Feb 5, 2006",Sunday,2,0,2,3,4,1,3,12,20,26,24,27,32,37,34,37,14,18,14,11,9,23,12,5,370,199,False,South
"Feb 6, 2006",Monday,2,1,1,1,4,20,32,82,45,65,46,43,30,42,57,32,53,29,28,19,15,8,7,3,665,199,False,South
"Feb 7, 2006",Tuesday,2,1,0,4,6,19,26,75,56,59,56,55,40,47,55,32,34,41,29,13,5,20,10,4,689,199,False,South
"Feb 8, 2006",Wednesday,2,0,0,2,4,22,29,88,54,48,48,42,44,50,46,50,42,41,24,14,10,10,4,3,677,199,False,South
"Feb 9, 2006",Thursday,1,0,1,1,4,19,28,71,49,49,45,34,37,38,34,42,38,24,29,12,3,8,4,2,573,199,False,South
"Feb 10, 2006",Friday,0,1,0,4,5,17,26,80,53,41,42,31,38,34,34,41,47,25,21,13,7,8,6,2,576,199,False,South
"Feb 11, 2006",Saturday,1,2,1,0,4,14,16,12,26,38,35,37,43,36,21,36,31,25,33,16,20,11,9,3,470,199,False,South
"Feb 12, 2006",Sunday,1,1,5,2,1,5,1,6,18,31,29,32,38,40,29,38,39,21,19,11,12,15,4,2,400,199,False,South
"Feb 13, 2006",Monday,0,1,1,0,7,19,32,71,57,53,38,41,44,42,47,47,48,35,35,12,10,11,6,2,659,199,False,South
"Feb 14, 2006",Tuesday,2,0,0,4,6,19,35,82,60,57,54,52,38,43,33,46,50,33,21,15,18,21,6,3,698,199,False,South
"Feb 15, 2006",Wednesday,2,0,3,2,5,21,29,69,56,49,31,33,29,37,43,39,32,37,25,13,8,7,3,3,576,199,False,South
"Feb 16, 2006",Thursday,0,1,2,1,4,19,27,63,35,32,32,39,34,31,48,35,34,37,20,12,5,7,2,1,521,199,False,South
"Feb 17, 2006",Friday,0,1,2,2,5,17,25,71,51,49,39,30,38,45,52,50,30,24,27,15,11,9,12,6,611,199,False,South
"Feb 18, 2006",Saturday,6,2,0,4,3,6,9,17,34,34,43,52,41,39,44,37,37,33,23,21,15,15,8,7,530,199,False,South
"Feb 19, 2006",Sunday,4,5,3,4,2,2,6,8,17,25,31,33,23,41,41,33,39,37,18,30,8,10,5,3,428,199,False,South
"Feb 20, 2006",Monday,2,1,2,1,5,17,23,41,41,40,43,44,32,45,49,39,32,39,22,16,9,9,2,4,558,199,False,South
"Feb 21, 2006",Tuesday,4,5,1,0,8,26,18,82,59,55,63,43,47,49,42,49,42,36,25,11,11,16,2,1,695,199,False,South
"Feb 22, 2006",Wednesday,1,0,0,1,5,22,35,83,48,51,39,35,45,43,33,51,39,43,22,13,6,16,3,1,635,199,False,South
"Feb 23, 2006",Thursday,2,1,3,1,5,17,29,73,50,43,44,47,38,37,41,41,43,36,29,21,15,7,10,1,634,199,False,South
"Feb 24, 2006",Friday,0,0,1,2,5,17,27,61,54,60,50,39,41,50,52,51,53,37,48,17,11,14,4,2,696,199,False,South
"Feb 25, 2006",Saturday,2,0,1,0,5,8,13,13,44,47,44,35,42,27,40,50,36,46,39,15,7,13,8,11,546,199,False,South
"Feb 26, 2006",Sunday,2,6,2,0,2,5,3,8,26,30,20,41,26,20,36,48,37,29,20,18,18,8,8,0,413,199,False,South
"Feb 27, 2006",Monday,0,1,1,1,5,24,31,76,52,45,46,38,38,33,37,46,30,45,26,11,14,5,5,2,612,199,False,South
"Feb 28, 2006",Tuesday,1,0,0,1,7,23,32,80,56,55,56,29,47,48,40,42,36,30,13,17,6,16,3,3,641,199,False,South
"Mar 1, 2006",Wednesday,2,3,0,2,4,17,18,21,30,29,39,34,49,36,42,52,76,63,31,19,26,9,8,5,615,199,False,North
"Mar 2, 2006",Thursday,1,0,2,3,3,17,16,23,21,39,33,36,40,35,37,61,77,67,30,23,17,27,11,6,625,199,False,North
"Mar 3, 2006",Friday,1,2,0,3,2,17,22,24,26,32,38,31,42,45,46,56,85,61,40,23,24,21,16,12,669,199,False,North
"Mar 4, 2006",Saturday,0,5,1,1,4,10,5,13,18,16,54,34,50,47,32,57,28,26,24,28,17,16,9,12,507,199,False,North
"Mar 5, 2006",Sunday,7,5,7,1,5,8,6,5,19,30,26,29,35,42,22,27,32,36,25,30,19,14,5,7,442,199,False,North
"Mar 6, 2006",Monday,1,0,0,0,2,20,22,25,23,27,48,45,47,44,45,50,77,66,34,18,15,14,9,9,641,199,False,North
"Mar 7, 2006",Tuesday,3,1,0,1,4,22,15,29,22,44,42,42,46,48,54,69,103,75,38,18,24,18,11,4,733,199,False,North
"Mar 8, 2006",Wednesday,4,2,0,1,5,21,14,27,36,25,36,34,40,46,42,62,80,65,38,25,33,10,9,3,658,199,False,North
"Mar 9, 2006",Thursday,0,3,1,2,6,17,20,25,23,34,41,39,56,46,58,54,68,75,37,26,24,13,9,1,678,199,False,North
"Mar 10, 2006",Friday,3,2,2,2,0,22,20,20,33,36,35,39,49,57,51,59,77,73,43,24,17,21,13,11,709,199,False,North
"Mar 11, 2006",Saturday,14,3,2,4,2,10,11,18,21,39,30,37,32,53,41,42,46,43,27,25,21,15,13,14,563,199,False,North
"Mar 12, 2006",Sunday,6,2,1,4,2,6,9,8,14,17,23,31,36,39,32,26,29,13,9,9,7,2,7,0,332,199,False,North
"Mar 13, 2006",Monday,4,0,0,0,1,19,9,10,20,21,13,19,28,22,35,44,46,63,21,22,16,10,8,2,433,199,False,North
"Mar 14, 2006",Tuesday,5,3,0,0,3,21,23,31,26,35,33,33,38,42,55,56,81,76,34,16,27,24,11,5,678,199,False,North
"Mar 15, 2006",Wednesday,3,1,1,3,5,17,19,25,35,29,48,43,48,46,39,53,69,75,35,20,18,12,8,3,655,199,False,North
"Mar 16, 2006",Thursday,3,4,0,1,3,15,21,23,16,19,25,23,33,34,41,49,56,61,20,27,21,10,12,3,520,199,False,North
"Mar 17, 2006",Friday,3,6,0,3,3,19,20,18,16,43,40,40,47,40,52,55,55,66,40,20,21,15,12,8,642,199,False,North
"Mar 18, 2006",Saturday,5,4,7,0,2,9,13,33,32,29,38,49,34,40,40,40,43,37,33,21,24,25,11,11,580,199,False,North
"Mar 19, 2006",Sunday,6,1,2,1,5,6,7,3,12,19,24,29,34,31,32,35,27,25,30,24,22,13,11,3,402,199,False,North
"Mar 20, 2006",Monday,1,3,1,1,5,21,24,15,26,30,39,44,29,39,35,51,87,60,34,23,22,7,6,5,608,199,False,North
"Mar 21, 2006",Tuesday,3,1,0,1,4,17,22,32,37,42,32,38,48,57,59,57,68,68,40,31,24,16,14,8,719,199,False,North
"Mar 22, 2006",Wednesday,5,3,1,3,4,13,17,23,37,32,38,38,39,45,51,61,69,71,36,27,25,17,13,8,676,199,True,North
"Mar 23, 2006",Thursday,3,2,1,0,5,19,25,30,42,40,34,36,50,35,58,64,64,76,44,25,20,25,15,3,716,199,False,North
"Mar 24, 2006",Friday,5,2,0,4,3,22,22,26,32,39,26,42,47,46,58,66,69,76,46,27,20,15,18,8,719,199,False,North
"Mar 25, 2006",Saturday,5,5,1,3,4,9,9,11,28,29,40,55,39,44,39,35,42,47,33,32,28,16,17,13,584,199,False,North
"Mar 26, 2006",Sunday,7,4,1,3,3,9,4,6,6,22,25,22,33,46,32,39,45,37,27,21,20,17,11,2,442,199,False,North
"Mar 27, 2006",Monday,2,6,1,0,3,16,22,20,27,23,28,30,37,52,52,62,57,66,32,20,24,23,10,7,620,199,False,North
"Mar 28, 2006",Tuesday,1,1,1,4,4,21,26,31,27,41,28,51,56,46,37,76,91,80,40,16,13,22,21,7,741,199,False,North
"Mar 29, 2006",Wednesday,3,3,1,0,3,22,21,26,32,34,44,45,37,38,44,65,76,64,49,28,40,10,7,8,700,199,False,North
"Mar 30, 2006",Thursday,1,1,1,2,4,17,19,39,28,28,37,42,38,37,53,70,75,66,28,24,22,19,11,8,670,199,False,North
"Mar 31, 2006",Friday,2,1,1,3,2,17,21,25,29,36,29,30,48,37,63,55,66,82,32,31,20,19,21,9,679,199,True,North
"Mar 1, 2006",Wednesday,2,0,0,2,6,20,24,75,50,56,26,52,40,38,48,39,34,31,28,3,11,5,1,1,592,199,False,South
"Mar 2, 2006",Thursday,1,3,2,0,5,20,21,70,47,45,44,45,32,36,35,31,46,33,28,12,7,8,5,3,579,199,False,South
"Mar 3, 2006",Friday,1,0,2,2,5,21,30,64,63,43,46,40,49,38,40,53,37,39,28,23,11,11,8,3,657,199,False,South
"Mar 4, 2006",Saturday,4,0,2,1,3,4,14,20,32,54,39,39,29,33,30,33,34,31,19,21,18,9,8,4,481,199,False,South
"Mar 5, 2006",Sunday,4,3,4,2,1,3,4,13,20,34,23,33,26,36,32,30,34,34,37,16,16,12,6,6,429,199,False,South
"Mar 6, 2006",Monday,0,0,4,1,5,21,28,73,56,45,46,53,39,53,36,36,49,28,27,13,7,6,3,2,631,199,False,South
"Mar 7, 2006",Tuesday,0,1,3,1,8,25,23,79,64,59,53,36,45,42,48,51,37,30,28,11,12,11,11,3,681,199,False,South
"Mar 8, 2006",Wednesday,1,1,3,0,5,21,28,86,61,42,37,33,37,46,47,45,44,47,22,9,9,6,8,4,642,199,False,South
"Mar 9, 2006",Thursday,0,3,1,1,7,20,28,69,55,51,50,43,38,52,50,37,62,27,26,21,5,12,6,5,669,199,False,South
"Mar 10, 2006",Friday,0,2,1,4,5,16,24,79,66,46,41,47,43,45,58,53,45,29,24,15,14,16,11,3,687,199,False,South
"Mar 11, 2006",Saturday,1,3,1,0,9,10,17,21,40,35,41,38,29,38,32,38,25,27,38,25,11,9,6,4,498,199,False,South
"Mar 12, 2006",Sunday,3,1,3,0,1,4,4,8,31,33,31,28,32,39,38,23,16,11,3,6,8,3,1,1,328,199,False,South
"Mar 13, 2006",Monday,1,1,1,0,3,9,9,43,33,21,25,21,22,30,37,30,32,36,21,11,8,3,2,0,399,199,False,South
"Mar 14, 2006",Tuesday,1,1,0,2,7,16,32,80,56,37,48,56,41,41,30,46,46,43,24,19,10,10,10,1,657,199,False,South
"Mar 15, 2006",Wednesday,0,1,0,1,8,18,31,84,61,41,46,43,42,51,38,41,30,36,20,11,14,14,5,1,637,199,False,South
"Mar 16, 2006",Thursday,0,3,3,3,5,19,31,74,41,23,27,26,34,35,35,30,36,26,21,10,9,6,4,1,502,199,False,South
"Mar 17, 2006",Friday,1,1,1,2,7,12,30,56,48,55,57,41,31,45,42,47,47,43,28,21,15,10,8,5,653,199,False,South
"Mar 18, 2006",Saturday,4,4,4,3,4,7,13,21,33,38,47,38,45,35,34,39,39,35,23,16,11,16,11,9,529,199,False,South
"Mar 19, 2006",Sunday,5,4,4,3,0,3,6,17,26,36,23,34,23,32,21,24,29,29,17,16,13,17,12,4,398,199,False,South
"Mar 20, 2006",Monday,2,1,2,0,6,26,22,63,49,39,52,43,41,38,38,40,42,30,26,14,6,8,3,0,591,199,False,South
"Mar 21, 2006",Tuesday,1,0,0,1,8,21,23,73,62,58,57,35,41,40,35,52,51,40,23,17,12,7,3,2,662,199,False,South
"Mar 22, 2006",Wednesday,2,0,1,1,5,22,39,86,55,45,40,38,34,45,46,40,38,34,27,16,9,8,6,4,641,199,True,South
"Mar 23, 2006",Thursday,2,1,1,1,6,19,28,67,57,51,44,48,40,55,47,49,54,29,41,20,6,9,5,1,681,199,False,South
"Mar 24, 2006",Friday,2,1,1,3,8,12,31,68,65,52,52,48,38,56,43,65,44,32,32,29,16,11,4,7,720,199,False,South
"Mar 25, 2006",Saturday,4,3,0,1,7,7,9,25,30,49,53,40,42,38,33,32,31,33,19,19,9,15,9,4,512,199,False,South
"Mar 26, 2006",Sunday,6,1,0,2,2,3,5,22,22,30,21,33,24,34,29,33,37,36,32,27,15,10,7,4,435,199,False,South
"Mar 27, 2006",Monday,0,0,2,1,8,19,23,85,57,45,38,45,29,38,38,42,50,34,37,19,3,8,6,0,627,199,False,South
"Mar 28, 2006",Tuesday,0,2,0,1,7,19,31,87,53,55,64,42,37,39,36,49,40,33,27,12,11,14,4,4,667,199,False,South
"Mar 29, 2006",Wednesday,1,0,1,0,7,21,25,83,43,68,43,42,33,41,42,40,35,45,31,13,6,13,5,3,641,199,False,South
"Mar 30, 2006",Thursday,1,0,3,2,4,18,31,66,63,56,45,39,37,45,56,44,35,31,26,16,13,13,7,4,655,199,False,South
"Mar 31, 2006",Friday,2,1,3,2,7,22,30,74,53,53,40,40,31,41,40,53,49,35,33,28,13,10,10,3,673,199,True,South
"Apr 1, 2006",Saturday,12,6,4,0,4,11,7,16,28,38,51,56,66,70,65,50,58,40,38,31,16,25,17,15,724,199,False,North
"Apr 2, 2006",Sunday,12,5,4,5,3,10,5,8,6,21,31,31,42,34,29,24,48,35,32,25,20,13,14,7,464,199,True,North
"Apr 3, 2006",Monday,2,2,1,2,5,30,34,56,64,51,43,32,38,45,46,56,67,73,33,31,23,30,11,6,781,199,False,North
"Apr 4, 2006",Tuesday,3,2,0,1,1,28,28,57,55,44,40,40,55,46,44,79,88,72,43,19,27,27,15,10,824,199,False,North
"Apr 5, 2006",Wednesday,0,3,1,2,3,17,26,29,38,34,40,34,44,59,49,63,77,74,36,32,16,17,17,7,718,199,False,North
"Apr 6, 2006",Thursday,2,2,0,0,2,20,20,31,34,40,38,38,39,36,65,55,65,77,42,32,32,19,10,4,703,199,False,North
"Apr 7, 2006",Friday,0,2,1,2,6,17,18,23,22,33,44,45,45,45,58,68,90,74,46,37,24,18,22,13,753,199,False,North
"Apr 8, 2006",Saturday,6,6,6,0,4,9,10,33,70,67,72,50,54,49,40,53,44,30,34,19,24,29,19,9,737,199,False,North
"Apr 9, 2006",Sunday,4,7,1,4,4,5,6,5,5,24,31,34,46,40,27,47,52,36,30,21,18,22,8,3,480,199,False,North
"Apr 10, 2006",Monday,3,2,0,2,8,12,27,25,37,39,49,34,50,50,55,65,64,71,43,34,31,18,16,3,738,199,False,North
"Apr 11, 2006",Tuesday,1,4,2,2,1,22,28,29,43,42,43,41,47,43,42,56,84,79,38,29,20,16,15,8,735,199,False,North
"Apr 12, 2006",Wednesday,3,2,3,2,2,20,26,34,42,41,44,36,48,34,44,70,77,76,42,32,25,15,15,9,742,199,False,North
"Apr 13, 2006",Thursday,4,3,2,1,3,19,24,28,31,26,37,46,45,52,53,61,62,69,45,27,29,48,27,8,750,199,False,North
"Apr 14, 2006",Friday,8,1,3,1,8,21,17,26,49,34,41,52,59,62,56,55,71,76,52,37,31,27,22,19,828,199,False,North
"Apr 15, 2006",Saturday,4,7,3,3,3,11,9,12,21,36,55,42,59,61,47,47,49,39,43,22,25,25,18,8,649,199,False,North
"Apr 16, 2006",Sunday,3,7,2,2,5,8,7,9,12,25,38,93,60,42,36,33,35,38,38,39,30,26,13,9,610,199,False,North
"Apr 17, 2006",Monday,5,0,5,2,5,30,29,37,58,44,57,63,40,50,63,84,69,75,45,24,34,20,14,9,862,199,False,North
"Apr 18, 2006",Tuesday,3,1,2,0,5,20,32,32,37,39,45,46,42,55,58,74,82,84,38,22,22,22,9,11,781,199,False,North
"Apr 19, 2006",Wednesday,5,1,0,2,4,18,30,43,33,45,43,39,41,48,39,52,70,91,37,22,28,13,12,5,721,199,False,North
"Apr 20, 2006",Thursday,5,1,1,2,3,14,25,28,37,45,48,37,51,43,55,74,86,88,40,28,16,20,17,7,771,199,False,North
"Apr 21, 2006",Friday,4,1,2,3,4,17,20,27,34,36,76,93,84,77,79,76,98,86,48,24,26,33,36,21,1005,199,False,North
"Apr 22, 2006",Saturday,8,6,3,1,3,16,20,35,69,79,69,27,39,35,40,41,45,38,35,27,23,22,14,8,703,199,False,North
"Apr 23, 2006",Sunday,10,4,1,3,3,14,6,14,21,32,34,45,51,50,46,44,44,40,25,24,23,16,12,7,569,199,False,North
"Apr 24, 2006",Monday,1,3,2,4,6,23,37,38,35,31,32,50,33,45,59,65,76,76,47,32,28,21,10,3,757,199,False,North
"Apr 25, 2006",Tuesday,0,4,0,3,8,31,44,94,78,62,42,36,60,51,46,66,84,79,34,32,20,14,18,5,911,199,False,North
"Apr 26, 2006",Wednesday,2,1,0,1,5,28,30,83,72,54,28,49,49,47,52,59,78,73,48,31,33,19,14,8,864,199,False,North
"Apr 27, 2006",Thursday,1,2,1,1,4,15,21,28,40,53,40,54,41,49,44,62,59,79,49,30,29,26,15,4,747,199,False,North
"Apr 28, 2006",Friday,2,3,0,1,3,20,19,24,62,53,70,54,42,50,52,66,77,78,50,35,21,21,21,12,836,199,False,North
"Apr 29, 2006",Saturday,8,5,8,1,3,13,18,11,26,37,42,37,57,32,44,55,51,41,38,23,17,36,24,13,640,199,False,North
"Apr 30, 2006",Sunday,4,3,6,1,3,23,7,9,13,22,30,33,37,38,35,31,33,39,25,24,24,13,8,6,467,199,False,North
"Apr 1, 2006",Saturday,4,1,2,4,4,9,12,34,29,53,76,48,30,48,39,38,38,26,34,24,26,8,11,9,607,199,False,South
"Apr 2, 2006",Sunday,3,2,2,4,2,4,8,8,17,30,34,27,35,27,40,24,32,30,28,15,14,11,3,5,405,199,True,South
"Apr 3, 2006",Monday,1,1,2,1,5,20,29,79,50,48,48,46,48,44,43,42,45,34,30,9,13,9,4,2,653,199,False,South
"Apr 4, 2006",Tuesday,3,1,0,2,4,25,20,83,61,42,59,39,46,53,48,31,53,50,27,18,13,14,9,2,703,199,False,South
"Apr 5, 2006",Wednesday,2,1,1,1,9,20,27,76,73,52,43,34,45,37,58,48,46,30,28,20,17,9,3,1,681,199,False,South
"Apr 6, 2006",Thursday,0,0,3,1,3,22,31,82,64,46,61,34,47,41,49,53,51,38,36,13,14,10,3,2,704,199,False,South
"Apr 7, 2006",Friday,0,0,0,4,6,18,24,64,75,46,53,52,44,51,41,57,51,51,33,20,12,9,17,9,737,199,False,South
"Apr 8, 2006",Saturday,5,8,2,1,6,8,12,21,30,51,45,65,44,46,46,45,48,31,34,24,21,20,11,12,636,199,False,South
"Apr 9, 2006",Sunday,12,4,2,3,3,2,3,9,28,34,21,34,31,26,32,40,44,41,36,25,15,11,3,2,461,199,False,South
"Apr 10, 2006",Monday,2,0,3,2,10,18,31,82,58,53,54,40,42,59,40,48,51,44,26,30,13,12,5,0,723,199,False,South
"Apr 11, 2006",Tuesday,3,0,0,1,8,20,22,91,58,51,47,34,53,42,52,45,53,44,35,12,14,17,6,3,711,199,False,South
"Apr 12, 2006",Wednesday,1,0,0,2,6,13,28,85,66,40,35,40,36,51,51,49,38,45,33,18,22,12,1,4,676,199,False,South
"Apr 13, 2006",Thursday,1,1,1,5,7,14,29,62,62,41,36,47,43,56,46,50,50,54,33,21,18,16,8,8,709,199,False,South
"Apr 14, 2006",Friday,6,5,1,2,3,9,22,48,57,54,51,47,55,50,45,58,39,42,42,25,30,19,5,7,722,199,False,South
"Apr 15, 2006",Saturday,8,6,4,3,3,5,8,20,47,38,72,59,47,40,23,37,40,38,28,29,22,23,7,6,613,199,False,South
"Apr 16, 2006",Sunday,6,6,5,1,0,3,8,15,26,41,46,47,34,27,24,48,51,49,42,46,23,20,7,4,579,199,False,South
"Apr 17, 2006",Monday,4,2,5,1,7,21,36,76,70,64,56,55,58,70,66,41,60,41,29,14,11,8,6,5,806,199,False,South
"Apr 18, 2006",Tuesday,0,2,0,3,6,28,28,84,60,46,48,48,48,46,47,62,44,35,41,16,9,15,4,1,721,199,False,South
"Apr 19, 2006",Wednesday,1,2,2,2,8,25,34,102,52,52,37,28,43,52,47,41,31,31,28,17,14,16,6,1,672,199,False,South
"Apr 20, 2006",Thursday,0,1,2,2,5,19,38,88,69,40,42,47,45,46,53,59,43,32,34,18,17,10,5,2,717,199,False,South
"Apr 21, 2006",Friday,1,0,1,4,4,17,24,76,52,49,58,64,45,41,54,55,48,38,31,30,27,14,13,5,751,199,False,South
"Apr 22, 2006",Saturday,6,6,3,3,6,12,18,28,54,59,52,47,38,38,38,37,42,50,30,21,12,13,12,5,630,199,False,South
"Apr 23, 2006",Sunday,5,4,0,4,2,4,5,7,26,35,25,40,31,33,51,46,49,45,46,36,24,12,8,3,541,199,False,South
"Apr 24, 2006",Monday,1,2,2,0,7,25,32,70,56,52,40,35,34,49,34,59,40,39,38,25,6,6,9,5,666,199,False,South
"Apr 25, 2006",Tuesday,0,1,0,3,8,19,34,88,62,52,52,37,27,49,44,52,45,40,35,22,23,12,5,2,712,199,False,South
"Apr 26, 2006",Wednesday,1,0,0,1,5,23,39,81,68,38,54,34,41,46,46,40,42,46,28,22,26,28,3,3,715,199,False,South
"Apr 27, 2006",Thursday,3,1,2,1,7,17,41,83,72,53,46,46,39,38,52,51,42,30,24,22,16,11,13,7,717,199,False,South
"Apr 28, 2006",Friday,0,0,1,3,5,20,33,60,58,48,49,39,47,47,51,41,48,35,25,24,16,13,9,6,678,199,False,South
"Apr 29, 2006",Saturday,2,5,4,6,4,10,11,23,40,54,53,34,38,46,41,34,34,33,34,31,12,23,16,10,598,199,False,South
"Apr 30, 2006",Sunday,6,5,2,4,1,5,6,12,26,33,33,21,47,34,48,30,42,45,37,13,8,5,4,2,469,199,False,South
"May 1, 2006",Monday,5,1,2,5,4,21,26,26,33,26,44,85,66,57,70,74,84,72,45,23,24,18,16,4,831,199,False,North
"May 2, 2006",Tuesday,3,2,1,0,2,30,35,62,51,50,46,43,59,58,55,80,76,76,46,32,30,19,13,11,880,199,False,North
"May 3, 2006",Wednesday,2,1,3,2,2,25,25,82,47,35,50,49,50,49,53,60,78,61,51,21,23,15,19,9,812,199,False,North
"May 4, 2006",Thursday,3,3,1,2,7,28,39,64,50,42,43,36,43,70,64,73,68,89,42,27,24,15,12,5,850,199,False,North
"May 5, 2006",Friday,8,1,3,4,0,27,16,32,34,34,43,51,52,43,42,75,89,66,55,40,29,21,23,10,798,199,False,North
"May 6, 2006",Saturday,8,5,6,0,2,6,13,27,32,44,46,57,75,42,57,51,47,64,42,39,21,21,27,20,752,199,False,North
"May 7, 2006",Sunday,7,3,1,3,4,9,13,9,14,35,30,46,50,49,62,49,30,33,34,40,17,22,9,9,578,199,False,North
"May 8, 2006",Monday,1,1,3,3,3,20,21,44,41,35,29,36,50,47,43,40,67,74,40,23,27,16,9,9,682,199,False,North
"May 9, 2006",Tuesday,1,5,1,2,2,25,26,39,40,41,42,42,41,42,44,69,78,80,48,29,32,29,12,10,780,199,False,North
"May 10, 2006",Wednesday,5,1,0,1,4,16,19,35,44,39,48,45,40,45,42,63,63,76,42,30,35,29,20,9,751,199,False,North
"May 11, 2006",Thursday,7,2,0,1,4,21,21,34,39,47,46,33,52,55,73,69,67,66,44,35,29,22,20,9,796,199,False,North
"May 12, 2006",Friday,13,3,2,2,5,23,42,86,39,47,53,52,53,44,56,65,79,84,57,43,36,26,18,12,940,199,False,North
"May 13, 2006",Saturday,10,0,1,3,5,13,16,17,37,47,56,64,46,72,46,55,52,59,49,50,19,32,22,10,781,199,False,North
"May 14, 2006",Sunday,10,5,2,2,5,9,12,1,12,20,32,51,61,44,45,43,44,48,45,45,36,17,9,5,603,199,False,North
"May 15, 2006",Monday,1,1,3,1,5,20,20,31,34,41,38,46,54,44,45,69,84,69,38,31,21,16,5,3,720,199,False,North
"May 16, 2006",Tuesday,1,4,0,1,3,23,36,38,45,45,35,47,33,58,54,65,72,78,32,31,20,26,12,6,765,199,False,North
"May 17, 2006",Wednesday,6,2,2,0,3,18,26,21,40,34,35,35,48,41,50,69,80,79,39,38,23,24,15,9,737,199,False,North
"May 18, 2006",Thursday,4,1,1,2,6,18,22,35,34,40,50,40,62,52,51,70,85,75,49,30,25,20,16,10,798,199,False,North
"May 19, 2006",Friday,8,4,5,1,5,19,23,41,37,31,39,46,49,47,68,68,86,70,51,55,41,26,26,16,862,199,False,North
"May 20, 2006",Saturday,7,7,1,1,4,15,12,28,36,43,56,70,63,56,59,86,63,66,51,43,27,25,17,16,852,199,False,North
"May 21, 2006",Sunday,13,7,6,2,1,14,4,10,18,24,27,32,44,35,46,55,44,53,49,30,19,13,18,7,571,199,False,North
"May 22, 2006",Monday,4,1,1,1,4,20,22,38,41,34,39,49,55,50,46,65,72,76,51,38,40,10,12,9,778,199,False,North
"May 23, 2006",Tuesday,5,4,0,1,4,23,34,30,54,39,51,43,59,41,55,72,82,66,35,24,19,24,9,5,779,199,False,North
"May 24, 2006",Wednesday,3,2,0,3,3,22,29,34,39,40,49,47,43,44,53,64,61,77,51,27,19,19,17,5,751,199,False,North
"May 25, 2006",Thursday,3,2,1,1,3,18,31,36,44,39,50,39,52,70,51,59,75,77,65,35,31,26,21,10,839,199,False,North
"May 26, 2006",Friday,6,4,3,1,4,25,22,30,44,50,44,73,58,60,71,80,95,105,99,61,52,35,19,28,1069,199,False,North
"May 27, 2006",Saturday,9,9,4,1,6,9,19,22,44,56,88,82,84,76,73,79,105,83,55,54,27,23,23,7,1038,199,False,North
"May 28, 2006",Sunday,6,5,4,2,8,9,5,12,22,43,58,59,56,52,43,63,65,54,66,48,33,27,26,10,776,199,False,North
"May 29, 2006",Monday,9,2,2,2,5,14,7,13,25,43,33,46,56,59,56,50,41,42,30,39,21,20,12,7,634,199,False,North
"May 30, 2006",Tuesday,6,6,2,1,4,21,19,35,53,42,48,52,68,52,49,69,79,74,33,25,30,18,14,9,809,199,False,North
"May 31, 2006",Wednesday,2,5,0,2,9,21,17,32,41,49,46,41,48,48,44,55,76,85,56,27,24,21,18,10,777,199,False,North
"May 1, 2006",Monday,1,0,2,1,7,26,35,84,54,63,54,39,46,51,43,41,52,29,23,14,17,14,3,2,701,199,False,South
"May 2, 2006",Tuesday,0,0,3,3,6,25,36,78,74,58,65,48,53,49,51,52,63,45,28,16,14,11,9,1,788,199,False,South
"May 3, 2006",Wednesday,1,0,0,1,8,25,33,81,55,48,59,48,44,36,42,39,53,37,28,11,16,18,6,6,695,199,False,South
"May 4, 2006",Thursday,1,1,1,3,6,26,38,79,72,49,58,47,39,52,54,44,51,35,27,20,16,9,8,5,741,199,False,South
"May 5, 2006",Friday,5,0,1,5,6,15,33,72,69,46,51,56,43,33,43,40,40,47,43,42,19,14,8,7,738,199,False,South
"May 6, 2006",Saturday,5,2,1,2,6,19,22,24,55,60,50,47,36,53,49,49,49,45,28,24,19,25,18,7,695,199,False,South
"May 7, 2006",Sunday,4,2,4,3,1,8,13,10,30,56,33,36,39,51,53,61,60,31,45,32,32,25,4,3,636,199,False,South
"May 8, 2006",Monday,1,1,2,1,9,20,36,83,64,60,44,40,36,45,55,47,53,38,27,20,16,7,6,1,712,199,False,South
"May 9, 2006",Tuesday,2,2,1,3,5,26,28,83,75,45,51,41,37,46,48,48,39,49,36,21,21,7,8,3,725,199,False,South
"May 10, 2006",Wednesday,2,2,1,3,5,22,40,67,59,51,30,48,44,46,46,50,53,50,48,17,14,11,9,5,723,199,False,South
"May 11, 2006",Thursday,2,1,1,1,5,27,33,73,46,49,40,45,43,55,46,63,51,42,37,27,28,15,4,4,738,199,False,South
"May 12, 2006",Friday,2,0,2,3,7,24,40,82,60,57,49,41,37,49,49,46,55,38,29,34,23,24,15,10,776,199,False,South
"May 13, 2006",Saturday,6,2,3,5,7,10,17,32,51,49,51,50,50,40,53,37,42,40,30,29,25,40,22,19,710,199,False,South
"May 14, 2006",Sunday,10,3,5,7,0,9,7,15,23,38,31,42,52,37,53,44,62,68,48,46,29,21,10,4,664,199,False,South
"May 15, 2006",Monday,6,3,1,2,6,22,41,69,68,41,60,39,49,53,40,43,43,39,24,23,11,18,6,5,712,199,False,South
"May 16, 2006",Tuesday,2,5,0,1,7,20,38,75,70,64,43,29,39,53,40,51,35,57,30,18,17,13,7,5,719,199,False,South
"May 17, 2006",Wednesday,2,1,0,2,6,23,38,67,60,47,40,37,33,54,41,55,43,49,38,19,26,31,10,8,730,199,False,South
"May 18, 2006",Thursday,3,0,3,2,4,19,35,67,57,52,46,39,46,49,54,51,68,39,43,31,19,23,8,1,759,199,False,South
"May 19, 2006",Friday,1,1,2,1,5,16,38,67,76,53,50,25,52,50,50,55,44,50,49,30,31,26,19,12,803,199,False,South
"May 20, 2006",Saturday,3,6,2,0,4,6,15,31,54,63,61,48,46,35,52,48,59,103,26,36,39,30,29,9,805,199,False,South
"May 21, 2006",Sunday,9,5,4,2,3,1,9,14,24,31,34,56,55,40,44,39,51,36,38,38,24,18,9,2,586,199,False,South
"May 22, 2006",Monday,1,2,1,1,7,24,38,73,41,46,44,54,47,44,46,58,50,35,36,35,17,18,16,1,735,199,False,South
"May 23, 2006",Tuesday,3,1,0,3,5,25,36,82,55,48,42,61,46,56,47,53,59,40,26,28,17,16,7,0,756,199,False,South
"May 24, 2006",Wednesday,3,0,0,0,8,26,49,71,67,58,46,49,40,52,46,46,58,50,34,9,14,15,10,2,753,199,False,South
"May 25, 2006",Thursday,1,1,2,1,4,24,38,73,60,60,41,42,43,68,55,42,50,31,52,23,19,16,23,15,784,199,False,South
"May 26, 2006",Friday,0,1,1,1,5,23,39,53,68,53,48,45,48,50,54,52,42,50,42,34,30,35,18,14,806,199,False,South
"May 27, 2006",Saturday,10,2,1,3,2,12,10,29,31,54,68,60,65,57,55,53,56,64,49,49,52,53,37,27,899,199,False,South
"May 28, 2006",Sunday,17,6,6,4,1,6,10,19,32,42,44,53,44,59,49,61,69,56,69,40,35,33,24,13,792,199,False,South
"May 29, 2006",Monday,10,6,5,3,3,5,9,19,34,52,40,53,62,63,56,76,78,76,67,56,34,24,25,6,862,199,False,South
"May 30, 2006",Tuesday,2,1,1,1,5,24,47,90,58,61,55,40,40,53,46,47,48,37,35,16,17,12,5,4,745,199,False,South
"May 31, 2006",Wednesday,8,0,0,1,7,28,37,75,64,51,46,32,48,60,54,55,48,35,30,16,25,22,11,5,758,199,False,South
"Jun 1, 2006",Thursday,1,2,1,0,8,18,20,36,34,52,41,46,45,67,54,64,93,79,49,46,52,54,17,14,893,199,False,North
"Jun 2, 2006",Friday,10,3,1,3,8,17,20,37,46,40,49,54,53,70,73,75,75,89,73,39,45,25,19,15,939,199,False,North
"Jun 3, 2006",Saturday,16,2,4,3,6,8,13,23,37,40,55,44,64,51,57,51,44,52,49,41,38,31,21,13,763,199,False,North
"Jun 4, 2006",Sunday,7,2,2,2,5,6,7,8,16,30,28,39,45,38,44,42,37,49,28,33,22,17,7,9,523,199,False,North
"Jun 5, 2006",Monday,4,0,3,1,14,12,23,30,26,36,42,48,52,52,45,57,79,82,44,30,24,18,18,10,750,199,False,North
"Jun 6, 2006",Tuesday,5,1,4,1,9,18,28,42,46,54,48,49,47,54,59,67,85,79,50,27,32,24,23,16,868,199,False,North
"Jun 7, 2006",Wednesday,3,2,0,1,12,11,23,28,44,34,42,36,48,47,50,83,66,83,58,39,41,26,15,5,797,199,False,North
"Jun 8, 2006",Thursday,4,4,2,3,11,14,19,39,42,43,52,40,53,42,56,50,68,78,47,28,32,24,15,8,774,199,False,North
"Jun 9, 2006",Friday,12,4,0,3,15,24,29,35,37,46,48,46,50,53,66,82,98,84,57,42,30,32,40,18,951,199,False,North
"Jun 10, 2006",Saturday,6,5,3,1,2,16,12,13,25,47,44,57,48,39,43,31,44,46,29,30,38,24,14,10,627,199,False,North
"Jun 11, 2006",Sunday,8,3,2,5,6,12,3,8,21,19,34,39,33,35,25,37,57,50,34,33,26,18,12,14,534,199,False,North
"Jun 12, 2006",Monday,1,2,1,3,15,12,25,37,28,41,43,45,41,44,36,57,76,69,37,31,19,21,17,5,706,199,False,North
"Jun 13, 2006",Tuesday,13,2,2,1,10,19,23,49,36,47,51,49,46,48,57,54,79,91,50,36,31,27,17,11,849,199,False,North
"Jun 14, 2006",Wednesday,7,3,0,1,15,15,26,35,44,37,40,51,53,54,46,63,66,109,50,22,21,20,14,6,798,199,False,North
"Jun 15, 2006",Thursday,4,4,1,2,8,15,8,21,34,40,44,45,38,49,56,64,70,72,57,38,37,28,10,10,755,199,False,North
"Jun 16, 2006",Friday,6,2,1,3,15,8,23,33,44,40,63,40,49,56,54,73,96,81,63,59,38,27,26,11,911,199,False,North
"Jun 17, 2006",Saturday,8,5,2,4,9,10,10,20,30,51,59,63,71,72,69,53,45,53,50,47,41,38,36,20,866,199,False,North
"Jun 18, 2006",Sunday,6,3,6,2,5,12,8,14,27,49,89,149,58,52,54,36,38,40,36,28,22,22,18,12,786,199,False,North
"Jun 19, 2006",Monday,6,2,0,3,14,16,19,33,35,40,29,46,53,48,49,60,75,70,43,30,24,28,15,6,744,199,False,North
"Jun 20, 2006",Tuesday,6,2,0,1,9,13,21,32,34,43,47,53,54,57,53,63,84,82,48,28,20,29,18,7,804,199,False,North
"Jun 21, 2006",Wednesday,3,6,2,1,20,22,50,37,40,33,55,52,43,58,59,66,78,88,48,37,23,26,18,9,874,199,False,North
"Jun 22, 2006",Thursday,4,4,4,1,8,22,19,38,40,41,43,46,70,53,42,58,73,87,43,40,27,31,17,9,820,199,False,North
"Jun 23, 2006",Friday,6,3,0,1,15,9,29,30,44,48,44,54,47,70,67,67,78,80,57,62,39,27,30,19,926,199,False,North
"Jun 24, 2006",Saturday,12,11,3,7,5,14,21,21,29,50,61,75,88,75,70,69,66,70,64,33,32,18,30,18,942,199,False,North
"Jun 25, 2006",Sunday,10,10,2,3,3,11,5,7,10,35,41,48,52,45,68,58,47,42,57,33,18,14,22,6,647,199,False,North
"Jun 26, 2006",Monday,5,0,1,2,12,17,42,25,32,52,48,54,65,55,50,58,69,86,35,31,30,29,12,9,819,199,False,North
"Jun 27, 2006",Tuesday,1,1,1,1,8,25,31,25,37,39,49,43,40,57,50,61,74,85,42,42,22,35,22,8,799,199,False,North
"Jun 28, 2006",Wednesday,5,1,1,0,16,9,21,29,43,39,47,38,56,59,57,65,78,83,56,30,20,17,15,13,798,199,False,North
"Jun 29, 2006",Thursday,5,2,1,2,8,18,23,32,48,36,42,47,53,53,57,70,76,92,63,39,25,31,18,16,857,199,False,North
"Jun 30, 2006",Friday,8,2,0,1,17,10,23,28,45,38,65,44,60,68,75,82,83,104,112,67,40,33,24,14,1043,199,False,North
"Jun 1, 2006",Thursday,2,3,4,1,5,25,40,73,62,56,45,57,42,76,75,58,42,34,39,20,23,18,10,8,818,199,False,South
"Jun 2, 2006",Friday,6,0,1,1,3,19,38,74,64,42,37,39,66,64,50,48,58,45,38,24,21,13,24,6,781,199,False,South
"Jun 3, 2006",Saturday,17,4,4,0,8,12,10,25,50,53,40,52,42,41,44,36,38,40,35,26,31,32,25,22,687,199,False,South
"Jun 4, 2006",Sunday,13,3,3,0,3,3,4,20,25,41,40,46,45,58,46,54,34,43,43,38,36,17,5,3,623,199,False,South
"Jun 5, 2006",Monday,4,2,3,0,8,19,48,83,61,54,40,29,48,44,55,51,57,62,31,19,19,10,7,2,756,199,False,South
"Jun 6, 2006",Tuesday,1,0,2,3,6,25,46,75,65,73,56,64,54,55,60,49,47,46,35,21,14,8,16,2,823,199,False,South
"Jun 7, 2006",Wednesday,2,0,1,2,7,26,48,77,44,57,33,42,47,73,43,42,53,39,31,26,35,14,10,3,755,199,False,South
"Jun 8, 2006",Thursday,4,3,2,3,6,26,42,61,63,47,47,43,54,45,31,50,40,45,46,22,26,14,12,9,741,199,False,South
"Jun 9, 2006",Friday,0,3,1,5,4,15,48,62,68,39,58,56,56,63,63,73,57,49,34,24,13,16,7,2,816,199,False,South
"Jun 10, 2006",Saturday,1,4,1,2,0,7,8,25,31,42,44,46,47,60,53,44,40,43,23,14,13,16,13,8,585,199,False,South
"Jun 11, 2006",Sunday,7,2,0,2,1,5,5,13,22,40,29,34,61,51,42,41,33,59,28,43,22,28,8,7,583,199,False,South
"Jun 12, 2006",Monday,0,3,1,1,8,17,44,65,54,44,37,51,35,57,46,61,41,54,34,27,15,17,6,5,723,199,False,South
"Jun 13, 2006",Tuesday,3,1,1,1,7,26,44,70,60,63,49,53,56,62,47,42,58,49,33,22,24,27,10,7,815,199,False,South
"Jun 14, 2006",Wednesday,3,0,0,1,7,27,46,70,55,53,59,51,55,58,54,58,44,26,28,17,18,21,13,3,767,199,False,South
"Jun 15, 2006",Thursday,2,1,1,2,6,26,37,55,58,52,38,35,44,54,68,38,51,46,32,19,16,16,14,4,715,199,False,South
"Jun 16, 2006",Friday,6,0,1,4,6,22,40,56,58,60,46,51,46,49,55,51,46,40,34,27,24,11,8,7,748,199,False,South
"Jun 17, 2006",Saturday,7,9,4,3,4,8,5,20,33,66,41,47,49,47,46,52,48,37,37,30,29,15,34,10,681,199,False,South
"Jun 18, 2006",Sunday,15,24,10,7,9,9,3,14,34,42,39,54,32,132,78,91,120,102,79,64,47,29,20,11,1065,199,False,South
"Jun 19, 2006",Monday,6,3,4,2,8,24,45,65,57,54,52,47,48,35,53,42,51,47,27,19,21,21,7,3,741,199,False,South
"Jun 20, 2006",Tuesday,1,1,0,3,7,23,38,69,51,58,64,48,55,46,54,57,48,46,36,22,17,13,9,2,768,199,False,South
"Jun 21, 2006",Wednesday,4,1,0,3,4,25,59,73,63,37,42,45,51,55,60,38,42,54,42,21,19,19,13,4,774,199,False,South
"Jun 22, 2006",Thursday,2,3,1,2,6,23,47,62,47,48,51,57,44,62,48,52,46,34,33,33,12,16,7,8,744,199,False,South
"Jun 23, 2006",Friday,4,3,1,2,4,20,46,69,66,71,62,44,39,62,51,47,51,37,53,43,42,32,16,4,869,199,False,South
"Jun 24, 2006",Saturday,4,4,4,5,2,11,15,33,74,105,61,49,51,73,35,49,48,43,41,29,31,32,24,7,830,199,False,South
"Jun 25, 2006",Sunday,10,11,0,0,2,5,11,18,25,55,48,50,54,64,49,66,50,54,65,45,28,17,10,4,741,199,False,South
"Jun 26, 2006",Monday,2,2,2,1,6,20,52,61,65,51,53,50,46,56,56,45,49,47,21,20,21,16,3,3,748,199,False,South
"Jun 27, 2006",Tuesday,2,2,0,1,7,22,39,81,64,41,49,44,40,48,44,50,39,49,41,21,20,26,11,2,743,199,False,South
"Jun 28, 2006",Wednesday,2,2,0,1,6,18,53,62,62,34,47,43,45,46,55,58,51,44,30,27,25,16,13,7,747,199,False,South
"Jun 29, 2006",Thursday,2,1,2,2,5,20,47,71,58,43,55,42,51,64,62,56,36,45,38,27,28,35,16,7,813,199,False,South
"Jun 30, 2006",Friday,3,3,2,2,3,21,38,63,60,47,58,46,46,53,47,61,54,42,32,28,26,26,17,12,790,199,False,South
"Jul 1, 2006",Saturday,5,5,6,2,3,9,12,21,56,64,72,68,72,90,78,58,59,53,35,39,30,26,25,22,910,199,False,North
"Jul 2, 2006",Sunday,7,10,7,2,5,10,6,6,17,35,54,73,71,53,45,42,59,40,30,29,31,20,21,11,684,199,False,North
"Jul 3, 2006",Monday,0,4,2,1,19,9,13,25,33,40,46,56,46,72,55,65,75,73,66,39,26,31,16,15,827,199,False,North
"Jul 4, 2006",Tuesday,11,6,0,2,6,10,14,7,22,28,43,37,52,42,31,42,44,34,28,30,27,22,10,25,573,199,False,North
"Jul 5, 2006",Wednesday,4,1,4,0,15,15,27,23,43,46,55,44,55,46,58,45,76,78,46,46,21,27,22,13,810,199,False,North
"Jul 6, 2006",Thursday,6,5,2,1,10,15,20,22,37,51,42,56,47,46,40,61,104,85,47,45,31,25,31,10,839,199,False,North
"Jul 7, 2006",Friday,7,5,2,1,16,7,24,31,38,38,37,45,48,57,68,76,80,74,63,43,37,28,30,9,864,199,False,North
"Jul 8, 2006",Saturday,5,9,4,3,4,7,5,24,30,40,72,63,47,59,52,38,50,50,39,28,20,25,32,7,713,199,False,North
"Jul 9, 2006",Sunday,9,5,4,3,4,8,3,9,17,30,37,46,56,41,39,44,37,41,51,26,31,16,20,6,583,199,False,North
"Jul 10, 2006",Monday,1,0,2,0,12,12,18,26,55,34,36,32,55,54,47,70,73,64,41,32,40,31,9,3,747,199,False,North
"Jul 11, 2006",Tuesday,4,1,1,2,6,22,29,27,50,46,58,53,51,40,66,56,81,82,57,44,45,26,18,10,875,199,False,North
"Jul 12, 2006",Wednesday,5,3,3,1,15,5,26,24,22,44,47,33,39,47,56,74,60,92,54,31,33,31,12,13,770,199,False,North
"Jul 13, 2006",Thursday,6,7,1,0,14,16,27,27,50,42,47,58,51,62,52,55,75,86,66,41,29,23,16,11,862,199,False,North
"Jul 14, 2006",Friday,11,2,2,2,17,11,30,30,49,58,62,55,57,76,61,72,77,86,53,39,32,33,31,18,964,199,False,North
"Jul 15, 2006",Saturday,11,10,6,2,5,9,16,17,21,46,70,57,59,48,47,47,46,45,33,34,29,34,22,14,728,199,False,North
"Jul 16, 2006",Sunday,10,3,4,2,5,4,2,10,20,31,33,50,51,46,38,39,43,42,31,35,27,21,23,5,575,199,False,North
"Jul 17, 2006",Monday,5,2,1,11,16,20,18,33,36,36,38,44,30,41,55,58,65,64,50,35,23,27,15,3,726,199,False,North
"Jul 18, 2006",Tuesday,3,2,1,1,11,20,19,32,38,49,40,36,45,48,36,71,73,66,29,33,24,20,21,3,721,199,False,North
"Jul 19, 2006",Wednesday,1,4,0,4,15,11,23,20,33,36,52,28,43,55,58,61,60,58,50,27,39,19,15,8,720,199,False,North
"Jul 20, 2006",Thursday,0,2,1,2,12,15,26,32,40,45,52,38,47,62,55,68,65,78,58,36,25,29,19,9,816,199,False,North
"Jul 21, 2006",Friday,4,3,1,2,14,12,29,30,43,46,43,47,46,65,63,81,75,95,61,41,31,31,14,17,894,199,False,North
"Jul 22, 2006",Saturday,11,2,3,2,4,8,9,15,32,55,71,57,56,51,50,49,61,61,47,32,22,17,23,22,760,199,False,North
"Jul 23, 2006",Sunday,14,11,6,2,5,7,3,10,15,28,31,38,49,51,38,48,51,44,43,26,27,15,15,7,584,199,False,North
"Jul 24, 2006",Monday,5,2,2,4,17,14,22,30,29,47,39,50,49,41,48,60,71,58,36,42,19,17,9,10,721,199,False,North
"Jul 25, 2006",Tuesday,6,2,0,1,12,16,27,33,48,43,51,47,34,68,39,63,69,81,41,26,26,31,8,5,777,199,False,North
"Jul 26, 2006",Wednesday,9,4,0,0,12,20,42,31,40,39,47,38,43,46,35,64,63,88,43,35,34,22,20,6,781,199,True,North
"Jul 27, 2006",Thursday,6,0,2,3,11,11,24,24,33,41,53,40,53,60,46,60,69,65,57,42,26,23,25,9,783,199,False,North
"Jul 28, 2006",Friday,13,2,3,0,13,7,32,29,27,43,46,51,48,46,62,79,80,77,61,37,31,30,26,24,867,199,False,North
"Jul 29, 2006",Saturday,10,5,4,3,5,8,15,19,26,63,77,56,57,40,38,51,57,40,47,37,38,39,27,22,784,199,False,North
"Jul 30, 2006",Sunday,17,3,1,1,3,6,5,15,12,24,26,36,37,40,38,36,36,40,41,23,29,29,11,15,524,199,False,North
"Jul 31, 2006",Monday,4,2,5,2,14,13,19,23,34,55,45,32,46,50,63,66,74,89,48,34,25,15,25,5,788,199,False,North
"Jul 1, 2006",Saturday,5,1,4,0,4,5,8,29,42,58,44,53,55,60,54,51,44,42,42,28,73,30,31,15,778,199,False,South
"Jul 2, 2006",Sunday,8,7,1,6,3,6,6,8,25,39,36,35,54,48,41,62,60,58,50,41,40,41,36,24,735,199,False,South
"Jul 3, 2006",Monday,4,4,3,1,3,11,32,56,43,56,57,55,56,60,68,56,43,36,33,33,26,24,23,8,791,199,False,South
"Jul 4, 2006",Tuesday,17,9,3,4,6,6,7,16,19,39,33,42,55,53,60,53,62,51,73,51,27,27,30,29,772,199,False,South
"Jul 5, 2006",Wednesday,13,0,0,2,6,21,34,80,54,58,70,54,49,57,64,51,50,43,40,28,19,13,12,3,821,199,False,South
"Jul 6, 2006",Thursday,4,1,4,2,2,20,44,71,69,49,41,35,61,50,47,61,45,45,43,38,26,21,7,8,794,199,False,South
"Jul 7, 2006",Friday,5,1,2,2,2,18,43,64,55,44,35,47,47,53,53,61,39,37,39,35,13,20,16,10,741,199,False,South
"Jul 8, 2006",Saturday,4,1,4,2,1,8,12,19,22,49,54,46,55,48,44,45,43,43,31,37,32,34,22,12,668,199,False,South
"Jul 9, 2006",Sunday,6,6,2,1,3,3,8,16,17,38,36,42,53,53,54,58,45,50,57,46,42,27,9,4,676,199,False,South
"Jul 10, 2006",Monday,2,2,1,0,6,22,39,64,56,44,47,53,48,45,60,37,44,52,36,30,19,16,11,0,734,199,False,South
"Jul 11, 2006",Tuesday,0,2,1,3,4,19,49,78,58,56,47,60,67,52,46,45,54,63,43,24,18,20,10,6,825,199,False,South
"Jul 12, 2006",Wednesday,2,0,1,0,6,25,43,76,53,48,50,53,37,51,56,45,55,47,38,25,21,23,16,12,783,199,False,South
"Jul 13, 2006",Thursday,0,4,0,2,5,23,41,63,66,52,48,57,58,61,52,44,43,40,38,34,30,21,14,4,800,199,False,South
"Jul 14, 2006",Friday,9,1,2,2,7,24,36,66,53,67,57,57,54,80,48,64,52,44,33,27,16,22,21,16,858,199,False,South
"Jul 15, 2006",Saturday,11,3,2,1,7,4,25,19,37,37,46,53,42,41,35,36,25,28,35,28,19,21,24,15,594,199,False,South
"Jul 16, 2006",Sunday,9,2,4,1,3,5,8,15,19,44,39,42,52,55,36,33,56,44,61,48,33,29,21,8,667,199,False,South
"Jul 17, 2006",Monday,3,2,6,1,9,17,55,61,40,63,44,40,56,37,60,51,41,45,38,25,20,21,11,5,751,199,False,South
"Jul 18, 2006",Tuesday,0,2,1,0,8,20,44,64,64,40,36,57,45,53,51,44,49,37,34,29,19,17,7,3,724,199,False,South
"Jul 19, 2006",Wednesday,1,1,0,0,6,14,52,66,46,42,46,55,55,39,56,41,37,44,34,27,18,15,9,4,708,199,False,South
"Jul 20, 2006",Thursday,2,3,0,0,4,20,38,61,58,58,49,57,40,53,50,49,43,51,39,27,26,10,18,4,760,199,False,South
"Jul 21, 2006",Friday,2,2,1,1,4,20,53,56,59,53,61,53,44,64,54,38,47,43,40,30,17,27,16,9,794,199,False,South
"Jul 22, 2006",Saturday,7,2,2,0,3,7,14,24,37,56,45,53,42,56,48,58,43,41,27,23,37,35,18,10,688,199,False,South
"Jul 23, 2006",Sunday,9,12,4,2,4,7,2,20,30,45,39,65,55,58,48,47,47,57,39,28,35,27,14,3,697,199,False,South
"Jul 24, 2006",Monday,2,2,1,3,7,24,34,75,52,46,60,48,36,56,50,37,54,51,33,25,11,17,10,2,736,199,False,South
"Jul 25, 2006",Tuesday,1,3,1,3,6,18,49,73,59,70,56,57,35,63,43,45,35,49,26,21,9,15,9,6,752,199,False,South
"Jul 26, 2006",Wednesday,4,1,2,2,7,19,43,66,66,52,47,52,39,48,52,49,46,36,27,18,25,19,17,4,741,199,False,South
"Jul 27, 2006",Thursday,3,2,2,4,5,22,47,65,46,41,55,45,40,43,56,51,41,46,42,28,31,23,23,3,764,199,False,South
"Jul 28, 2006",Friday,2,0,1,3,3,21,40,72,56,47,51,38,49,49,62,30,51,38,41,25,29,21,20,8,757,199,False,South
"Jul 29, 2006",Saturday,5,4,1,2,5,4,16,17,39,45,46,51,64,74,36,40,26,28,42,35,28,29,16,14,667,199,False,South
"Jul 30, 2006",Sunday,10,8,4,2,3,2,7,17,19,44,37,29,31,51,50,43,50,56,41,31,27,16,6,7,591,199,False,South
"Jul 31, 2006",Monday,2,2,0,1,3,23,48,87,51,64,51,45,44,43,53,41,47,42,36,28,27,9,9,4,760,199,False,South
"Aug 1, 2006",Tuesday,5,2,2,1,12,17,16,36,38,34,40,47,31,42,62,57,63,79,48,28,21,13,13,14,721,199,False,North
"Aug 2, 2006",Wednesday,4,3,9,0,14,11,19,23,28,29,41,41,49,54,46,51,79,84,54,31,37,24,14,10,755,199,False,North
"Aug 3, 2006",Thursday,7,2,2,0,8,15,24,34,44,38,39,55,52,52,48,55,82,76,37,40,29,36,10,15,800,199,False,North
"Aug 4, 2006",Friday,7,2,0,1,13,13,25,26,32,35,51,35,50,69,72,83,71,78,66,46,26,18,19,24,862,199,False,North
"Aug 5, 2006",Saturday,14,8,1,2,5,4,10,9,32,41,52,64,62,40,35,39,60,46,29,42,23,19,27,26,690,199,False,North
"Aug 6, 2006",Sunday,19,7,4,3,3,8,3,5,10,27,27,42,42,47,44,51,38,41,40,33,24,30,22,17,587,199,False,North
"Aug 7, 2006",Monday,9,1,1,1,14,12,23,26,27,38,46,46,30,40,44,62,65,80,38,25,27,54,27,19,755,199,False,North
"Aug 8, 2006",Tuesday,12,4,3,0,10,17,28,28,52,39,39,41,39,58,49,45,61,60,44,35,42,73,43,25,847,199,False,North
"Aug 9, 2006",Wednesday,10,8,2,4,15,7,33,27,33,32,39,42,48,45,50,50,73,62,47,42,42,67,40,17,835,199,False,North
"Aug 10, 2006",Thursday,10,7,3,0,7,16,26,34,36,37,39,41,42,57,56,64,71,80,40,35,33,22,19,11,786,199,False,North
"Aug 11, 2006",Friday,3,8,1,3,15,10,17,32,48,45,59,54,58,75,59,69,84,82,69,48,35,28,24,25,951,199,False,North
"Aug 12, 2006",Saturday,6,6,3,2,4,8,17,14,29,32,47,57,60,61,38,52,51,49,38,30,25,32,15,15,691,199,False,North
"Aug 13, 2006",Sunday,8,7,4,2,2,7,3,7,19,20,32,43,32,44,36,43,33,30,23,25,17,15,9,7,468,199,False,North
"Aug 14, 2006",Monday,7,4,1,2,14,12,28,42,66,92,44,37,56,42,45,82,70,78,46,29,19,16,12,5,849,199,False,North
"Aug 15, 2006",Tuesday,3,6,0,1,8,17,34,27,35,48,44,37,45,41,45,65,74,79,48,27,17,30,24,13,768,199,False,North
"Aug 16, 2006",Wednesday,4,5,1,3,13,8,20,26,38,32,31,39,49,42,44,48,73,75,41,33,30,25,17,15,712,199,False,North
"Aug 17, 2006",Thursday,2,2,1,3,7,19,18,18,31,34,41,40,35,39,44,72,73,77,44,32,23,28,15,16,714,199,False,North
"Aug 18, 2006",Friday,5,1,2,1,13,9,15,23,31,55,50,57,43,50,63,81,68,78,60,39,35,34,17,16,846,199,False,North
"Aug 19, 2006",Saturday,6,3,2,2,4,13,15,19,47,70,63,88,62,43,60,40,44,36,33,28,28,23,19,10,758,199,False,North
"Aug 20, 2006",Sunday,6,3,4,3,2,9,6,11,13,23,32,56,45,59,38,36,41,43,38,24,24,17,14,10,557,199,False,North
"Aug 21, 2006",Monday,9,4,0,1,12,11,20,40,52,36,57,45,57,49,54,62,58,81,39,26,28,28,11,5,785,199,False,North
"Aug 22, 2006",Tuesday,4,3,1,3,5,14,26,23,23,63,43,57,46,52,41,57,79,73,42,31,35,21,11,12,765,199,False,North
"Aug 23, 2006",Wednesday,3,2,3,2,10,13,26,34,27,46,49,34,44,55,45,64,69,67,47,32,35,16,7,12,742,199,False,North
"Aug 24, 2006",Thursday,5,2,2,1,6,11,26,26,38,31,41,47,51,45,53,58,61,67,43,31,29,25,15,8,722,199,False,North
"Aug 25, 2006",Friday,6,2,4,5,11,6,23,32,41,31,49,51,44,58,66,61,69,67,47,37,28,38,17,15,808,199,False,North
"Aug 26, 2006",Saturday,13,12,7,6,4,9,6,17,30,39,43,47,53,45,49,42,49,54,30,30,32,30,24,19,690,199,False,North
"Aug 27, 2006",Sunday,12,4,2,3,2,6,8,13,15,22,35,36,31,35,35,45,45,36,39,32,18,17,14,9,514,199,False,North
"Aug 28, 2006",Monday,1,1,0,1,13,10,26,30,38,21,40,51,46,58,50,65,77,59,38,39,21,21,11,6,723,199,False,North
"Aug 29, 2006",Tuesday,5,1,3,0,6,18,23,45,48,52,56,56,61,48,48,75,80,89,49,38,40,24,18,6,889,199,False,North
"Aug 30, 2006",Wednesday,4,3,2,0,15,7,22,37,42,36,36,40,46,96,50,68,75,71,49,31,28,23,10,5,796,199,False,North
"Aug 31, 2006",Thursday,4,3,3,2,4,17,22,41,32,42,51,59,48,37,51,74,81,61,76,41,26,19,17,10,821,199,False,North
"Aug 1, 2006",Tuesday,3,0,0,3,3,25,43,73,63,46,43,52,43,45,46,40,36,33,34,22,17,7,8,2,687,199,False,South
"Aug 2, 2006",Wednesday,4,3,2,2,2,17,43,65,63,38,63,39,37,50,43,58,42,46,28,34,21,15,15,2,732,199,False,South
"Aug 3, 2006",Thursday,2,3,0,0,3,18,49,70,67,52,66,50,50,40,48,51,52,60,32,29,13,20,14,3,792,199,False,South
"Aug 4, 2006",Friday,7,1,4,0,6,17,43,69,58,50,45,38,53,46,49,39,59,40,39,24,24,16,17,12,756,199,False,South
"Aug 5, 2006",Saturday,10,4,5,1,5,12,9,24,41,39,54,59,50,40,42,34,59,41,44,41,40,18,20,11,703,199,False,South
"Aug 6, 2006",Sunday,11,4,8,3,4,6,11,11,20,35,31,27,54,42,44,55,66,64,54,50,31,19,11,3,664,199,False,South
"Aug 7, 2006",Monday,2,3,2,2,4,26,47,71,67,41,57,38,42,37,57,51,51,55,43,26,15,16,11,3,767,199,False,South
"Aug 8, 2006",Tuesday,2,1,1,2,7,23,40,76,73,49,50,56,45,55,52,54,34,72,62,24,12,14,6,5,815,199,False,South
"Aug 9, 2006",Wednesday,2,4,0,1,7,23,48,68,66,64,41,44,42,42,54,65,50,51,52,20,16,17,11,3,791,199,False,South
"Aug 10, 2006",Thursday,1,0,4,1,4,19,42,58,61,44,44,40,51,40,50,49,41,31,32,24,19,10,10,10,685,199,False,South
"Aug 11, 2006",Friday,2,1,0,3,6,11,37,62,74,54,58,50,58,52,47,51,51,44,37,32,17,14,5,8,774,199,False,South
"Aug 12, 2006",Saturday,3,5,1,2,4,4,14,16,22,61,74,57,41,43,52,40,38,40,32,38,19,14,11,6,637,199,False,South
"Aug 13, 2006",Sunday,2,3,2,1,2,3,4,10,24,31,37,41,61,42,47,65,74,69,40,31,25,19,8,7,648,199,False,South
"Aug 14, 2006",Monday,3,3,0,0,3,21,55,61,50,72,45,53,52,45,64,39,28,35,39,26,12,14,13,4,737,199,False,South
"Aug 15, 2006",Tuesday,0,0,0,1,3,23,48,61,62,54,55,62,39,45,40,51,46,52,38,21,18,25,8,9,761,199,False,South
"Aug 16, 2006",Wednesday,3,1,1,3,3,22,52,56,68,46,54,48,32,34,45,40,53,34,35,20,15,20,8,7,700,199,False,South
"Aug 17, 2006",Thursday,3,1,2,3,4,20,36,59,60,50,44,42,27,54,44,59,47,47,29,22,17,10,8,7,695,199,False,South
"Aug 18, 2006",Friday,4,2,2,1,8,16,33,52,51,54,46,41,44,39,42,46,49,42,34,25,22,17,9,12,691,199,False,South
"Aug 19, 2006",Saturday,6,2,4,3,4,4,9,20,43,47,50,68,50,68,71,63,48,54,17,19,29,19,15,7,720,199,False,South
"Aug 20, 2006",Sunday,7,9,5,3,1,5,5,11,30,38,33,58,41,38,38,47,70,65,39,39,38,17,11,6,654,199,False,South
"Aug 21, 2006",Monday,1,2,1,1,5,25,48,68,52,49,38,46,56,47,51,56,37,39,25,30,18,20,7,8,730,199,False,South
"Aug 22, 2006",Tuesday,3,0,0,4,5,26,46,66,69,44,55,47,40,53,45,39,51,49,24,32,17,15,9,4,743,199,False,South
"Aug 23, 2006",Wednesday,3,1,0,2,5,28,54,61,60,48,40,49,40,55,44,45,41,29,33,31,19,12,8,10,718,199,False,South
"Aug 24, 2006",Thursday,2,3,0,3,5,24,40,70,73,48,46,46,33,51,40,43,54,34,27,20,22,14,2,4,704,199,False,South
"Aug 25, 2006",Friday,1,1,3,2,5,21,42,76,62,45,44,38,37,40,44,41,40,53,41,23,21,15,12,6,713,199,False,South
"Aug 26, 2006",Saturday,5,2,1,1,6,7,16,24,51,49,42,48,44,41,36,40,40,34,45,19,19,16,15,16,617,199,False,South
"Aug 27, 2006",Sunday,7,6,3,3,2,3,6,9,25,34,35,36,45,47,45,45,44,43,51,28,38,16,9,5,585,199,False,South
"Aug 28, 2006",Monday,1,3,0,1,6,20,47,90,66,39,51,46,34,52,49,56,46,27,33,22,12,13,8,3,725,199,False,South
"Aug 29, 2006",Tuesday,1,0,1,2,2,20,46,76,66,71,61,50,52,64,51,53,47,58,54,30,14,35,9,4,867,199,False,South
"Aug 30, 2006",Wednesday,2,0,1,4,3,16,54,73,66,66,62,39,44,42,62,48,44,39,32,24,26,13,10,5,775,199,False,South
"Aug 31, 2006",Thursday,5,2,2,1,2,22,41,78,58,56,46,51,36,48,75,30,48,38,36,21,17,31,12,8,764,199,False,South
"Sep 1, 2006",Friday,4,2,2,3,14,7,24,32,29,49,47,38,50,54,81,74,81,83,61,51,34,29,22,11,882,199,False,North
"Sep 2, 2006",Saturday,9,7,3,1,4,9,5,4,21,39,37,61,41,54,40,38,50,44,33,32,25,21,19,7,604,199,False,North
"Sep 3, 2006",Sunday,7,7,0,1,5,7,9,14,22,31,34,55,51,38,50,40,32,31,34,28,29,18,12,12,567,199,False,North
"Sep 4, 2006",Monday,8,6,2,1,4,12,4,9,26,40,42,49,39,51,49,37,49,31,37,28,20,12,11,4,571,199,False,North
"Sep 5, 2006",Tuesday,4,1,1,1,9,12,25,38,65,57,45,44,55,55,43,70,74,65,43,24,18,15,11,10,785,199,False,North
"Sep 6, 2006",Wednesday,10,2,3,0,4,15,21,31,39,43,32,42,42,36,58,59,63,71,50,42,24,15,5,11,718,199,False,North
"Sep 7, 2006",Thursday,2,2,1,2,5,15,24,40,42,40,48,49,43,61,56,71,76,68,31,39,33,25,11,9,793,199,False,North
"Sep 8, 2006",Friday,3,4,0,1,8,13,30,28,34,48,50,44,41,71,68,68,69,96,75,37,27,22,39,12,888,199,False,North
"Sep 9, 2006",Saturday,8,3,4,2,4,11,10,21,32,44,44,52,57,69,38,52,42,57,38,28,21,20,21,17,695,199,False,North
"Sep 10, 2006",Sunday,8,3,1,0,3,9,3,13,16,29,26,37,52,34,30,43,30,42,33,33,29,18,6,9,507,199,False,North
"Sep 11, 2006",Monday,1,5,1,1,4,15,29,48,65,44,57,41,57,62,72,88,68,67,51,48,22,18,16,8,888,199,False,North
"Sep 12, 2006",Tuesday,1,3,2,2,2,20,21,29,33,53,65,44,59,39,61,75,80,59,51,29,16,31,15,7,797,199,False,North
"Sep 13, 2006",Wednesday,2,3,0,0,2,18,29,30,50,37,54,44,58,35,52,66,70,81,39,34,28,24,17,5,778,199,False,North
"Sep 14, 2006",Thursday,2,6,1,0,4,20,28,37,41,41,49,42,44,47,53,70,62,79,37,29,25,24,11,15,767,199,False,North
"Sep 15, 2006",Friday,5,4,0,2,3,19,23,30,37,42,47,47,58,57,78,88,70,75,80,39,33,36,20,13,906,199,False,North
"Sep 16, 2006",Saturday,14,4,7,9,4,15,16,14,22,33,36,50,47,43,35,47,43,46,42,49,24,20,19,17,656,199,False,North
"Sep 17, 2006",Sunday,8,3,3,0,0,12,3,15,11,30,31,44,36,42,57,27,38,40,35,25,27,22,11,9,529,199,False,North
"Sep 18, 2006",Monday,5,2,0,1,5,22,32,33,42,39,66,48,53,48,61,75,76,63,44,35,37,21,20,10,838,199,False,North
"Sep 19, 2006",Tuesday,2,2,2,1,1,20,29,33,33,38,46,46,65,50,42,94,85,62,37,25,32,21,14,10,790,199,False,North
"Sep 20, 2006",Wednesday,3,4,2,3,4,18,32,33,64,65,50,37,55,53,60,73,87,68,61,42,53,13,18,3,901,199,False,North
"Sep 21, 2006",Thursday,3,5,2,3,4,30,45,43,31,32,59,57,44,60,58,77,76,75,31,22,22,30,17,16,842,199,False,North
"Sep 22, 2006",Friday,10,0,2,0,2,25,18,30,26,38,48,51,52,52,65,77,101,77,61,37,15,27,21,20,855,199,False,North
"Sep 23, 2006",Saturday,17,6,2,1,4,13,5,17,41,40,44,33,42,59,52,79,58,51,39,27,23,26,21,20,720,199,False,North
"Sep 24, 2006",Sunday,11,6,2,1,2,9,3,7,17,31,41,55,42,36,40,36,57,39,35,34,24,20,13,10,571,199,False,North
"Sep 25, 2006",Monday,2,2,2,1,4,25,32,49,49,58,50,39,53,59,39,70,76,66,49,36,31,20,10,11,833,199,False,North
"Sep 26, 2006",Tuesday,2,5,2,4,2,25,32,30,45,43,45,46,47,57,50,63,79,80,34,31,30,19,6,9,786,199,False,North
"Sep 27, 2006",Wednesday,3,2,1,2,2,17,36,32,56,37,49,40,41,50,48,67,71,74,45,38,30,17,15,7,780,199,False,North
"Sep 28, 2006",Thursday,2,2,1,0,2,20,28,64,58,37,34,46,46,50,51,63,62,88,57,31,21,24,8,6,801,199,False,North
"Sep 29, 2006",Friday,0,6,4,1,5,17,24,48,37,40,48,49,43,52,64,78,71,91,69,39,31,22,19,7,865,199,False,North
"Sep 30, 2006",Saturday,8,5,2,2,6,15,16,26,45,46,44,42,71,27,54,43,58,39,56,41,27,27,18,10,728,199,False,North
"Sep 1, 2006",Friday,1,0,3,3,4,15,39,52,67,69,41,41,46,46,58,59,50,45,29,23,15,10,13,7,736,199,False,South
"Sep 2, 2006",Saturday,3,1,1,4,3,6,9,20,30,39,31,52,46,40,36,35,30,26,24,20,20,17,12,10,515,199,False,South
"Sep 3, 2006",Sunday,4,1,3,2,2,1,5,14,20,32,30,35,49,46,43,37,33,30,33,19,26,16,5,6,492,199,False,South
"Sep 4, 2006",Monday,3,6,2,1,2,2,4,10,26,27,35,48,57,53,49,59,57,75,49,46,38,15,6,6,676,199,False,South
"Sep 5, 2006",Tuesday,0,2,0,4,2,19,39,92,74,53,57,53,34,63,44,41,42,58,22,15,22,9,7,5,757,199,False,South
"Sep 6, 2006",Wednesday,4,0,1,1,6,18,42,89,56,49,46,59,35,51,50,39,38,40,33,15,20,10,4,6,712,199,False,South
"Sep 7, 2006",Thursday,1,1,2,2,3,19,43,82,50,43,49,56,44,39,58,57,48,44,40,22,12,18,2,2,737,199,False,South
"Sep 8, 2006",Friday,3,0,2,1,4,16,45,84,67,68,44,54,38,46,44,52,74,51,44,23,22,15,13,9,819,199,False,South
"Sep 9, 2006",Saturday,5,1,1,1,4,6,15,28,48,48,52,60,50,53,38,37,55,35,30,21,22,17,9,12,648,199,False,South
"Sep 10, 2006",Sunday,8,4,2,1,4,6,4,7,33,43,35,32,56,38,48,48,45,40,35,30,21,13,7,7,567,199,False,South
"Sep 11, 2006",Monday,2,8,2,0,8,20,50,104,88,63,57,58,62,68,46,62,73,42,28,20,11,12,9,3,896,199,False,South
"Sep 12, 2006",Tuesday,2,0,0,2,9,30,47,80,78,48,59,35,47,43,59,42,46,33,25,21,26,9,10,5,756,199,False,South
"Sep 13, 2006",Wednesday,1,0,0,1,7,17,51,106,66,46,43,43,42,36,52,49,50,46,43,28,27,13,10,6,783,199,False,South
"Sep 14, 2006",Thursday,2,2,1,0,4,19,46,80,65,52,47,53,34,41,50,52,54,43,30,32,17,7,2,3,736,199,False,South
"Sep 15, 2006",Friday,3,0,2,3,3,18,41,86,55,61,34,57,46,47,56,67,57,44,47,25,20,55,15,9,851,199,False,South
"Sep 16, 2006",Saturday,6,1,2,4,4,5,18,32,33,52,47,45,33,43,36,39,48,36,47,34,31,10,12,3,621,199,False,South
"Sep 17, 2006",Sunday,2,2,2,1,3,5,12,16,22,52,46,48,43,46,40,32,32,44,33,29,25,14,8,3,560,199,False,South
"Sep 18, 2006",Monday,3,3,0,1,6,22,41,84,58,52,71,54,37,50,49,60,58,43,30,22,6,10,4,1,765,199,False,South
"Sep 19, 2006",Tuesday,3,1,2,1,8,23,41,88,65,63,52,63,45,42,62,51,49,40,36,28,15,14,8,5,805,199,False,South
"Sep 20, 2006",Wednesday,8,0,2,4,4,19,46,74,61,51,54,58,43,68,71,50,58,54,49,31,24,17,7,3,856,199,False,South
"Sep 21, 2006",Thursday,0,1,1,3,4,21,43,92,75,48,44,43,40,42,55,65,56,40,35,17,16,9,5,2,757,199,False,South
"Sep 22, 2006",Friday,2,1,1,2,6,22,40,88,55,52,51,66,47,47,58,44,55,41,41,29,19,16,30,6,819,199,False,South
"Sep 23, 2006",Saturday,4,4,3,4,4,4,11,26,42,110,54,43,44,61,56,37,49,33,26,26,29,17,8,7,702,199,False,South
"Sep 24, 2006",Sunday,5,1,3,1,4,1,3,5,23,50,35,43,50,34,37,56,38,55,41,26,25,13,7,3,559,199,False,South
"Sep 25, 2006",Monday,0,2,1,0,7,22,50,97,64,55,50,42,42,47,50,54,58,49,21,29,26,20,8,4,798,199,False,South
"Sep 26, 2006",Tuesday,2,1,0,4,5,21,38,90,56,57,41,58,39,37,47,56,53,36,38,24,23,12,6,1,745,199,False,South
"Sep 27, 2006",Wednesday,1,2,1,1,5,19,44,82,85,52,40,42,45,46,52,48,39,44,37,20,29,13,5,4,756,199,False,South
"Sep 28, 2006",Thursday,3,2,0,3,4,21,44,91,61,51,48,47,47,45,57,38,55,38,33,22,17,11,6,12,756,199,False,South
"Sep 29, 2006",Friday,5,2,0,3,3,20,44,79,52,57,39,53,34,43,46,48,79,39,43,22,28,14,14,7,774,199,False,South
"Sep 30, 2006",Saturday,8,4,4,8,5,4,11,26,44,65,58,57,48,40,50,37,40,45,35,49,30,20,20,13,721,199,False,South
"Oct 1, 2006",Sunday,6,6,4,2,0,12,2,10,18,29,34,57,45,49,53,45,40,48,29,25,18,19,12,6,569,199,False,North
"Oct 2, 2006",Monday,5,1,0,0,5,21,23,26,42,49,40,42,57,52,53,71,66,70,58,31,25,24,9,4,774,199,False,North
"Oct 3, 2006",Tuesday,2,3,3,1,2,23,29,36,56,49,39,47,44,61,61,70,67,71,42,30,22,27,12,7,804,199,False,North
"Oct 4, 2006",Wednesday,5,2,2,0,5,19,28,29,36,34,46,53,47,63,56,66,63,58,42,31,35,17,8,11,756,199,False,North
"Oct 5, 2006",Thursday,4,4,3,3,4,21,24,40,41,34,44,52,58,49,59,76,83,62,72,42,27,23,13,6,844,199,False,North
"Oct 6, 2006",Friday,3,2,1,3,3,19,18,42,60,38,31,53,63,55,72,78,84,70,68,53,22,22,19,16,895,199,False,North
"Oct 7, 2006",Saturday,12,3,2,0,2,11,18,26,41,45,57,56,55,58,53,46,36,37,45,21,23,19,16,13,695,199,False,North
"Oct 8, 2006",Sunday,10,1,3,3,1,11,5,6,16,26,35,28,52,37,42,40,48,34,48,33,14,18,16,6,533,199,False,North
"Oct 9, 2006",Monday,1,1,1,0,3,17,19,43,55,40,41,44,57,54,52,73,61,66,55,28,15,15,10,4,755,199,False,North
"Oct 10, 2006",Tuesday,3,3,2,2,3,18,31,51,43,38,43,68,47,56,59,72,80,71,39,34,19,22,10,9,823,199,False,North
"Oct 11, 2006",Wednesday,1,1,3,2,4,19,25,39,38,42,34,48,43,60,46,81,72,81,47,17,26,16,5,7,757,199,False,North
"Oct 12, 2006",Thursday,4,0,5,1,4,20,26,34,39,27,40,53,49,46,73,71,65,77,49,34,25,18,12,11,783,199,False,North
"Oct 13, 2006",Friday,7,7,4,1,1,22,22,33,35,42,43,46,46,57,62,71,98,73,46,39,22,30,15,13,835,199,False,North
"Oct 14, 2006",Saturday,9,2,4,2,3,17,16,35,64,80,57,57,40,49,63,58,57,33,36,26,15,27,20,8,778,199,False,North
"Oct 15, 2006",Sunday,8,7,5,3,3,13,9,16,48,31,29,51,43,52,46,45,31,47,36,26,26,15,12,8,610,199,False,North
"Oct 16, 2006",Monday,5,2,2,3,6,18,26,30,49,59,65,50,44,48,53,68,76,69,43,40,21,37,12,4,830,199,True,North
"Oct 17, 2006",Tuesday,3,7,2,0,3,32,29,42,39,48,41,52,51,47,48,68,72,55,42,32,36,16,15,6,786,199,True,North
"Oct 18, 2006",Wednesday,8,2,3,0,6,26,32,29,43,25,41,56,55,50,62,67,78,78,33,42,27,20,18,8,809,199,False,North
"Oct 19, 2006",Thursday,3,8,1,2,2,25,22,36,64,34,46,46,61,64,39,94,77,68,46,31,31,16,16,13,845,199,False,North
"Oct 20, 2006",Friday,6,3,1,2,6,24,28,31,45,53,44,49,51,53,61,58,80,85,45,43,30,22,20,12,852,199,False,North
"Oct 21, 2006",Saturday,4,5,1,2,2,14,12,25,40,50,46,45,49,48,52,36,59,40,29,31,19,27,20,13,669,199,False,North
"Oct 22, 2006",Sunday,10,4,3,2,3,14,7,13,24,34,31,42,48,41,38,31,46,42,37,34,22,17,7,7,557,199,False,North
"Oct 23, 2006",Monday,1,1,2,2,2,20,25,35,62,65,42,29,52,56,40,63,64,64,37,34,24,17,7,6,750,199,False,North
"Oct 24, 2006",Tuesday,5,3,3,9,3,20,25,46,40,46,46,48,45,51,65,71,53,75,48,31,21,24,13,7,798,199,False,North
"Oct 25, 2006",Wednesday,4,5,1,1,5,17,29,45,36,37,51,57,59,49,58,68,64,77,47,34,34,23,7,10,818,199,False,North
"Oct 26, 2006",Thursday,7,1,2,3,6,19,25,36,43,43,47,45,56,54,52,83,65,77,39,27,24,26,13,7,800,199,False,North
"Oct 27, 2006",Friday,9,7,4,2,6,20,25,36,49,43,46,47,48,53,62,69,91,79,62,51,28,23,20,9,889,199,False,North
"Oct 28, 2006",Saturday,10,5,2,2,2,9,12,23,53,53,42,49,58,59,61,48,57,56,38,41,30,29,18,6,763,199,False,North
"Oct 29, 2006",Sunday,7,10,2,1,3,11,6,21,29,28,42,40,46,31,49,45,53,34,32,23,27,20,8,6,574,199,False,North
"Oct 30, 2006",Monday,3,2,0,3,9,30,32,43,45,50,50,47,52,53,64,79,75,65,43,27,19,12,13,11,827,199,False,North
"Oct 31, 2006",Tuesday,1,2,2,0,2,31,26,37,40,40,45,54,54,59,55,76,78,62,42,31,34,25,8,7,811,199,False,North
"Oct 1, 2006",Sunday,6,3,4,4,2,6,4,10,26,40,37,32,51,48,55,58,39,47,34,35,31,19,4,6,601,199,False,South
"Oct 2, 2006",Monday,1,1,1,0,6,21,43,99,66,55,41,46,48,51,42,59,55,52,34,33,14,17,2,3,790,199,False,South
"Oct 3, 2006",Tuesday,4,0,0,1,6,24,45,89,54,49,39,63,40,41,47,54,41,41,29,27,18,15,7,6,740,199,False,South
"Oct 4, 2006",Wednesday,1,0,0,3,7,23,45,83,51,53,36,40,38,43,44,50,53,34,47,44,24,8,9,5,741,199,False,South
"Oct 5, 2006",Thursday,4,3,0,1,8,17,45,67,69,51,55,48,36,44,56,63,71,49,46,31,10,15,7,3,799,199,False,South
"Oct 6, 2006",Friday,2,0,3,1,3,17,38,85,66,57,51,53,47,41,58,55,67,38,36,32,16,21,19,9,815,199,False,South
"Oct 7, 2006",Saturday,4,1,2,3,5,5,14,18,43,45,64,41,44,55,34,44,51,43,35,29,31,22,16,4,653,199,False,South
"Oct 8, 2006",Sunday,6,1,3,0,4,6,2,12,21,42,26,41,52,46,44,41,35,53,40,39,26,12,10,2,564,199,False,South
"Oct 9, 2006",Monday,0,1,0,2,8,20,44,79,53,54,44,41,41,54,52,56,51,44,43,26,16,10,7,4,750,199,False,South
"Oct 10, 2006",Tuesday,0,2,2,1,5,18,43,84,63,57,47,56,53,50,52,55,52,50,35,27,16,12,7,2,789,199,False,South
"Oct 11, 2006",Wednesday,1,4,2,1,7,18,48,86,54,55,36,44,32,43,60,47,65,32,45,30,18,9,6,0,743,199,False,South
"Oct 12, 2006",Thursday,1,2,1,0,6,19,39,81,55,54,41,37,45,45,50,37,57,44,39,23,11,11,8,2,708,199,False,South
"Oct 13, 2006",Friday,3,0,0,1,3,25,41,72,67,44,34,47,43,53,46,56,56,24,37,32,30,15,5,12,746,199,False,South
"Oct 14, 2006",Saturday,2,2,3,1,2,7,16,19,39,54,55,57,50,45,38,43,40,59,53,41,33,28,24,9,720,199,False,South
"Oct 15, 2006",Sunday,3,2,5,4,3,4,4,12,17,41,30,36,71,37,41,49,60,45,38,39,14,12,9,7,583,199,False,South
"Oct 16, 2006",Monday,1,1,2,2,6,22,38,78,56,55,59,64,42,55,55,48,52,41,39,29,19,10,10,4,788,199,True,South
"Oct 17, 2006",Tuesday,1,1,0,3,5,19,35,78,74,53,55,56,43,44,48,45,47,34,40,17,17,15,8,7,745,199,False,South
"Oct 18, 2006",Wednesday,5,2,4,3,5,24,28,75,46,58,44,36,37,51,57,53,53,55,46,27,18,14,8,6,755,199,False,South
"Oct 19, 2006",Thursday,3,4,0,2,5,23,33,62,66,58,42,46,55,54,51,58,41,37,43,34,23,9,11,6,766,199,False,South
"Oct 20, 2006",Friday,4,2,0,6,4,28,36,64,53,42,46,44,50,48,48,69,47,47,55,37,22,18,18,6,794,199,False,South
"Oct 21, 2006",Saturday,8,4,2,2,4,7,9,20,27,36,55,46,48,31,39,37,40,52,33,27,31,20,9,4,591,199,False,South
"Oct 22, 2006",Sunday,8,5,4,2,5,3,5,8,25,32,35,37,30,47,42,47,38,34,37,30,17,11,9,3,514,199,False,South
"Oct 23, 2006",Monday,2,0,2,2,9,26,43,79,52,61,44,42,37,57,44,56,46,56,31,37,14,17,3,6,766,199,False,South
"Oct 24, 2006",Tuesday,2,0,4,3,5,15,42,79,65,43,40,49,39,42,51,51,45,44,42,27,19,19,12,3,741,199,False,South
"Oct 25, 2006",Wednesday,4,2,2,1,4,17,43,65,66,42,48,50,57,64,49,57,45,49,59,27,25,15,13,8,812,199,False,South
"Oct 26, 2006",Thursday,3,1,0,1,4,19,45,71,60,49,47,52,43,56,55,43,46,59,42,42,16,19,13,4,790,199,False,South
"Oct 27, 2006",Friday,2,0,4,1,5,20,42,80,54,58,38,45,39,42,65,47,55,46,33,45,17,25,12,11,786,199,False,South
"Oct 28, 2006",Saturday,8,3,2,1,5,11,23,28,40,39,48,59,43,47,59,54,43,54,45,32,24,25,18,5,716,199,False,South
"Oct 29, 2006",Sunday,10,7,3,2,2,7,11,7,36,37,32,48,33,55,32,51,50,46,36,20,16,12,6,4,563,199,False,South
"Oct 30, 2006",Monday,3,1,0,1,9,25,39,99,81,57,56,47,49,48,54,65,55,48,32,19,10,21,13,10,842,199,False,South
"Oct 31, 2006",Tuesday,3,1,1,1,6,18,35,81,59,51,50,60,52,45,48,54,52,64,42,12,18,16,8,5,782,199,False,South
"Nov 1, 2006",Wednesday,5,2,2,2,4,24,27,39,51,51,45,47,47,53,36,69,80,68,43,30,35,14,12,8,794,199,False,North
"Nov 2, 2006",Thursday,3,3,1,3,5,22,28,40,49,33,48,52,47,84,62,85,67,76,42,27,22,12,15,7,833,199,False,North
"Nov 3, 2006",Friday,3,3,2,5,1,23,16,40,40,51,52,52,57,58,60,72,73,73,46,44,27,23,18,5,844,199,False,North
"Nov 4, 2006",Saturday,7,5,2,3,8,32,18,19,33,44,50,39,50,44,41,50,44,43,34,27,33,23,13,14,676,199,False,North
"Nov 5, 2006",Sunday,8,3,2,0,4,24,9,10,22,26,31,45,42,39,41,40,41,33,28,37,20,16,11,8,540,199,False,North
"Nov 6, 2006",Monday,5,1,3,5,6,25,20,28,37,58,46,60,54,54,60,74,89,75,42,39,20,14,15,6,836,199,False,North
"Nov 7, 2006",Tuesday,2,3,2,3,4,22,23,38,42,35,51,44,59,46,52,75,65,69,30,22,13,13,12,7,732,199,True,North
"Nov 8, 2006",Wednesday,3,3,1,1,5,24,30,39,39,46,52,56,50,56,43,74,73,85,50,32,37,18,9,5,831,199,False,North
"Nov 9, 2006",Thursday,4,2,5,1,2,27,30,48,43,39,42,47,62,56,61,68,77,71,40,36,27,34,13,12,847,199,False,North
"Nov 10, 2006",Friday,11,1,1,3,2,29,26,31,34,48,48,33,46,67,67,70,84,76,54,32,34,19,18,7,841,199,False,North
"Nov 11, 2006",Saturday,5,9,3,3,7,23,26,13,34,56,69,31,39,44,47,39,38,29,39,35,19,14,15,11,648,199,False,North
"Nov 12, 2006",Sunday,5,5,5,5,3,19,23,9,12,21,33,38,37,36,31,41,51,33,23,26,20,11,13,5,505,199,False,North
"Nov 13, 2006",Monday,5,0,1,4,5,31,35,38,44,37,41,39,52,41,65,74,88,59,40,28,18,7,17,5,774,199,False,North
"Nov 14, 2006",Tuesday,4,1,1,0,2,37,34,54,36,43,45,60,53,52,70,82,73,72,44,28,11,19,12,12,845,199,False,North
"Nov 15, 2006",Wednesday,4,3,3,2,1,31,28,30,36,54,42,38,37,60,42,54,76,66,43,24,20,9,10,6,719,199,False,North
"Nov 16, 2006",Thursday,2,3,0,2,6,28,29,29,42,37,47,43,45,48,54,68,88,69,45,29,24,19,15,7,779,199,False,North
"Nov 17, 2006",Friday,2,2,4,1,2,29,23,36,37,58,53,61,51,40,63,69,82,69,41,42,20,18,18,13,834,199,False,North
"Nov 18, 2006",Saturday,11,4,4,1,7,17,9,16,40,50,43,42,50,49,51,60,49,45,32,32,32,21,19,9,693,199,False,North
"Nov 19, 2006",Sunday,10,2,5,2,4,13,3,14,24,24,20,48,44,33,36,27,42,29,31,19,25,12,12,6,485,199,False,North
"Nov 20, 2006",Monday,6,3,0,1,2,20,20,49,39,34,52,43,50,55,60,72,74,55,39,28,24,21,13,5,765,199,False,North
"Nov 21, 2006",Tuesday,6,6,2,2,5,23,26,38,46,41,55,59,52,62,46,87,59,77,47,27,33,17,10,15,841,199,False,North
"Nov 22, 2006",Wednesday,8,4,1,2,7,23,27,33,36,37,54,42,53,62,67,65,98,77,51,30,42,17,15,13,864,199,False,North
"Nov 23, 2006",Thursday,2,4,7,2,7,14,8,8,36,26,57,86,32,26,30,39,55,39,24,33,19,18,20,6,598,199,False,North
"Nov 24, 2006",Friday,6,0,0,0,5,19,14,28,32,48,40,55,61,71,66,52,55,71,34,27,24,24,13,10,755,199,False,North
"Nov 25, 2006",Saturday,8,11,4,2,3,12,15,12,27,29,47,58,42,33,43,39,42,36,27,28,20,21,15,7,581,199,False,North
"Nov 26, 2006",Sunday,7,4,5,0,3,14,14,3,12,25,26,40,36,36,33,49,44,37,31,28,18,11,6,1,483,199,False,North
"Nov 27, 2006",Monday,6,0,2,2,2,23,22,14,32,30,35,40,46,48,43,68,74,66,19,26,17,15,9,10,649,199,False,North
"Nov 28, 2006",Tuesday,12,7,5,17,33,44,35,43,52,34,50,43,67,83,91,89,81,68,34,23,16,30,17,11,985,199,True,North
"Nov 29, 2006",Wednesday,6,1,2,2,2,22,24,24,28,28,41,35,40,42,44,54,59,66,44,27,26,8,9,7,641,199,False,North
"Nov 30, 2006",Thursday,6,0,3,1,3,23,15,29,33,31,32,47,48,47,53,79,68,80,52,20,30,24,13,7,744,199,False,North
"Nov 1, 2006",Wednesday,3,0,0,1,5,28,37,91,66,52,50,51,32,52,49,37,52,40,40,17,22,19,6,6,756,199,False,South
"Nov 2, 2006",Thursday,0,3,2,1,3,24,40,78,67,56,63,58,55,61,57,52,57,48,32,21,16,13,7,8,822,199,False,South
"Nov 3, 2006",Friday,1,0,1,3,8,20,34,69,52,57,53,52,52,61,61,48,53,43,38,23,14,14,9,8,774,199,False,South
"Nov 4, 2006",Saturday,5,2,2,0,6,10,11,25,36,49,43,47,46,42,30,46,32,50,44,17,20,16,21,14,614,199,False,South
"Nov 5, 2006",Sunday,8,2,4,2,1,8,8,11,34,36,32,23,36,47,45,56,45,49,41,26,20,13,7,4,558,199,False,South
"Nov 6, 2006",Monday,1,4,0,2,12,22,39,82,58,51,53,42,41,46,73,51,69,49,38,17,17,12,9,4,792,199,False,South
"Nov 7, 2006",Tuesday,2,1,1,1,8,21,37,78,55,51,54,44,45,42,47,57,61,38,29,14,12,12,5,0,715,199,True,South
"Nov 8, 2006",Wednesday,2,1,1,2,4,25,40,85,50,54,40,55,43,43,44,53,52,57,48,22,20,20,11,7,779,199,False,South
"Nov 9, 2006",Thursday,2,0,2,3,3,20,45,71,54,56,37,71,41,54,53,55,51,57,44,27,15,26,6,3,796,199,False,South
"Nov 10, 2006",Friday,4,0,1,2,6,19,37,71,51,39,51,56,46,52,58,63,61,61,37,25,12,9,7,5,773,199,False,South
"Nov 11, 2006",Saturday,7,3,5,4,4,15,17,24,30,46,57,55,34,46,44,47,33,56,29,19,20,6,7,4,612,199,False,South
"Nov 12, 2006",Sunday,2,2,6,4,1,6,7,14,21,39,33,46,34,32,34,38,40,41,28,20,12,11,5,2,478,199,False,South
"Nov 13, 2006",Monday,2,0,1,1,3,24,37,77,62,45,50,42,60,48,51,52,55,54,28,21,7,16,4,4,744,199,False,South
"Nov 14, 2006",Tuesday,0,0,0,2,6,24,43,88,66,56,44,53,48,57,65,58,43,66,31,17,9,15,9,3,803,199,False,South
"Nov 15, 2006",Wednesday,2,4,2,2,5,23,39,79,48,38,43,37,44,43,38,55,42,42,30,17,13,7,2,0,655,199,False,South
"Nov 16, 2006",Thursday,3,0,2,1,3,22,42,77,53,62,51,46,42,48,65,57,50,48,31,11,7,17,7,3,748,199,False,South
"Nov 17, 2006",Friday,4,4,0,2,4,14,36,79,58,58,31,51,50,44,43,66,50,40,43,16,25,17,5,10,750,199,False,South
"Nov 18, 2006",Saturday,7,1,1,4,5,12,11,19,31,51,52,50,43,42,57,37,35,36,41,28,27,11,11,3,615,199,False,South
"Nov 19, 2006",Sunday,5,2,4,2,3,3,9,15,23,31,43,39,50,36,40,41,34,49,25,19,16,9,6,5,509,199,False,South
"Nov 20, 2006",Monday,4,4,0,1,9,20,33,97,49,50,50,52,43,38,40,43,59,49,31,16,11,10,7,3,719,199,False,South
"Nov 21, 2006",Tuesday,3,1,0,2,6,21,44,70,66,60,61,59,61,48,57,61,69,53,27,13,12,12,14,3,823,199,False,South
"Nov 22, 2006",Wednesday,1,1,1,3,4,21,35,70,53,54,51,60,47,72,61,58,58,47,42,23,21,13,4,11,811,199,False,South
"Nov 23, 2006",Thursday,5,1,4,2,2,7,4,18,28,38,54,67,26,20,26,39,56,44,34,26,25,16,14,2,558,199,False,South
"Nov 24, 2006",Friday,3,1,2,2,5,10,23,44,34,59,64,56,44,64,50,48,62,38,27,24,17,19,11,7,714,199,False,South
"Nov 25, 2006",Saturday,5,5,3,4,4,3,12,25,21,54,42,42,46,39,45,34,40,54,21,18,14,10,14,7,562,199,False,South
"Nov 26, 2006",Sunday,3,5,2,4,3,2,5,12,26,40,35,38,40,45,44,48,45,28,28,23,15,13,3,2,509,199,False,South
"Nov 27, 2006",Monday,0,1,1,1,7,22,29,39,49,58,43,38,39,37,57,34,57,33,18,9,6,10,4,2,594,199,False,South
"Nov 28, 2006",Tuesday,3,2,0,4,9,22,37,81,52,66,50,59,51,46,63,41,64,53,23,14,6,11,4,3,764,199,False,South
"Nov 29, 2006",Wednesday,3,1,0,3,3,23,43,65,54,43,47,47,36,45,52,38,47,27,30,14,10,8,4,3,646,199,False,South
"Nov 30, 2006",Thursday,1,1,1,3,4,19,32,66,58,56,45,54,64,60,51,43,46,46,36,10,9,15,5,2,727,199,False,South
"Dec 1, 2006",Friday,6,2,3,3,3,22,16,27,32,33,44,37,49,62,55,59,63,65,48,33,22,39,26,13,762,199,False,North
"Dec 2, 2006",Saturday,4,6,1,1,2,13,8,14,30,36,44,43,44,46,33,39,36,34,36,23,10,40,22,6,571,199,False,North
"Dec 3, 2006",Sunday,11,3,6,2,2,7,6,7,17,27,20,18,43,28,31,34,54,51,35,23,11,11,13,10,470,199,False,North
"Dec 4, 2006",Monday,5,0,1,0,7,26,26,20,45,32,38,48,39,50,45,63,71,61,36,18,26,25,39,8,729,199,False,North
"Dec 5, 2006",Tuesday,2,1,2,0,6,28,31,26,49,44,45,52,51,62,58,67,87,54,40,30,16,12,11,4,778,199,False,North
"Dec 6, 2006",Wednesday,6,3,2,1,1,25,22,23,40,46,38,42,43,42,46,57,81,61,31,27,28,14,6,10,695,199,False,North
"Dec 7, 2006",Thursday,3,2,0,2,3,21,21,28,30,35,35,42,51,65,68,76,83,69,33,18,26,23,10,5,749,199,False,North
"Dec 8, 2006",Friday,3,4,3,1,2,26,20,24,52,41,42,40,53,62,68,85,83,59,43,27,23,24,23,20,828,199,False,North
"Dec 9, 2006",Saturday,14,7,2,2,2,11,11,14,41,38,47,43,43,56,31,42,35,41,34,20,24,31,24,7,620,199,False,North
"Dec 10, 2006",Sunday,13,5,1,0,2,9,7,9,20,24,25,29,41,46,48,41,47,27,21,30,19,21,8,11,504,199,False,North
"Dec 11, 2006",Monday,1,1,0,2,6,18,18,31,36,49,55,74,47,42,53,75,95,54,31,23,22,8,4,5,750,199,False,North
"Dec 12, 2006",Tuesday,1,2,1,0,2,19,18,11,25,28,37,28,41,43,38,67,63,54,21,22,19,29,8,5,582,199,False,North
"Dec 13, 2006",Wednesday,3,4,3,2,2,18,22,28,32,40,37,50,47,69,49,60,80,60,50,37,25,17,12,9,756,199,False,North
"Dec 14, 2006",Thursday,4,1,1,2,4,18,13,22,25,38,42,40,41,47,55,78,80,71,48,37,30,35,18,9,759,199,True,North
"Dec 15, 2006",Friday,5,5,2,6,1,23,22,24,37,36,35,46,42,49,54,78,67,74,63,27,31,27,14,11,779,199,False,North
"Dec 16, 2006",Saturday,6,4,1,1,0,17,7,15,26,32,52,56,41,37,38,51,36,49,55,36,30,20,19,15,644,199,False,North
"Dec 17, 2006",Sunday,10,6,5,7,2,11,5,6,10,25,16,33,35,28,38,51,34,40,27,24,24,12,14,4,467,199,False,North
"Dec 18, 2006",Monday,6,2,0,1,6,23,22,32,36,46,43,41,58,57,34,71,78,59,33,25,27,22,7,4,733,199,False,North
"Dec 19, 2006",Tuesday,5,2,1,0,6,19,28,25,36,50,34,48,62,53,55,79,81,68,34,31,37,21,9,15,799,199,False,North
"Dec 20, 2006",Wednesday,2,1,3,2,3,21,20,25,41,38,31,45,32,43,44,50,55,51,26,21,9,7,6,6,582,199,False,North
"Dec 21, 2006",Thursday,1,1,1,1,2,12,12,16,20,24,20,17,24,28,50,38,52,41,21,40,47,22,13,18,521,199,True,North
"Dec 22, 2006",Friday,15,15,21,9,3,20,18,19,23,30,34,40,40,44,50,61,68,67,33,20,17,22,27,19,715,199,True,North
"Dec 23, 2006",Saturday,13,9,5,3,3,7,9,12,22,38,62,60,58,52,56,50,60,56,33,26,26,23,24,6,713,199,False,North
"Dec 24, 2006",Sunday,9,6,4,1,7,7,7,5,7,24,32,52,44,44,44,49,37,28,51,16,18,16,18,14,540,199,False,North
"Dec 25, 2006",Monday,7,3,0,0,7,4,3,5,9,29,41,34,31,25,24,25,34,40,21,10,10,16,8,4,390,199,False,North
"Dec 26, 2006",Tuesday,4,2,0,2,1,19,13,15,20,37,49,52,46,47,62,62,69,65,33,28,15,12,7,12,672,199,False,North
"Dec 27, 2006",Wednesday,7,3,2,2,2,21,21,21,34,42,47,47,51,50,60,62,75,60,39,32,20,23,11,8,740,199,False,North
"Dec 28, 2006",Thursday,4,7,1,3,8,24,26,22,25,30,31,31,49,50,62,57,66,71,43,30,36,27,16,19,738,199,True,North
"Dec 29, 2006",Friday,2,3,1,6,3,19,17,18,22,28,32,37,37,41,46,56,63,62,31,24,38,13,14,8,621,199,True,North
"Dec 30, 2006",Saturday,6,4,1,3,2,7,7,8,22,27,34,40,43,40,39,33,31,23,18,13,16,15,11,9,452,199,True,North
"Dec 31, 2006",Sunday,7,3,0,2,22,7,4,5,13,19,22,22,17,28,13,29,26,41,23,22,16,4,12,11,368,199,True,North
"Dec 1, 2006",Friday,2,2,2,4,3,18,29,72,66,71,47,54,44,48,51,49,45,43,37,20,14,12,7,4,744,199,False,South
"Dec 2, 2006",Saturday,8,2,0,2,4,3,10,25,41,41,40,45,53,46,40,27,53,35,19,23,15,16,12,8,568,199,False,South
"Dec 3, 2006",Sunday,4,2,5,1,2,2,6,7,25,49,32,28,34,37,39,32,55,33,21,20,10,12,11,0,467,199,False,South
"Dec 4, 2006",Monday,1,3,0,3,6,22,31,80,48,47,35,34,38,38,47,57,54,55,46,13,11,8,9,4,690,199,False,South
"Dec 5, 2006",Tuesday,1,0,0,2,6,22,33,76,46,57,68,46,52,63,58,47,53,44,28,12,4,9,3,5,735,199,False,South
"Dec 6, 2006",Wednesday,2,0,0,5,6,28,31,81,53,40,58,53,48,34,43,43,46,45,33,6,10,11,5,5,686,199,False,South
"Dec 7, 2006",Thursday,4,1,1,1,4,23,36,76,54,50,48,46,41,51,51,54,43,50,32,15,6,9,6,5,707,199,False,South
"Dec 8, 2006",Friday,1,3,2,0,5,21,34,76,51,58,55,63,36,71,55,55,60,48,41,22,10,16,11,6,800,199,False,South
"Dec 9, 2006",Saturday,7,3,4,3,3,7,16,29,35,46,41,55,30,48,27,48,49,40,42,24,13,27,6,8,611,199,False,South
"Dec 10, 2006",Sunday,3,3,3,2,3,7,8,13,17,39,33,46,36,38,41,40,36,41,22,13,26,12,6,5,493,199,False,South
"Dec 11, 2006",Monday,1,2,0,3,7,22,33,92,57,55,48,46,48,65,54,59,53,24,21,8,6,6,4,2,716,199,False,South
"Dec 12, 2006",Tuesday,2,1,2,1,2,18,27,54,43,52,39,40,17,33,46,34,54,26,22,11,8,8,5,4,549,199,False,South
"Dec 13, 2006",Wednesday,0,3,1,4,6,21,32,66,57,50,51,48,41,46,68,57,50,45,30,13,16,22,6,1,734,199,False,South
"Dec 14, 2006",Thursday,3,1,2,1,5,21,30,76,52,65,57,59,44,62,58,49,47,51,36,23,11,9,13,9,784,199,False,South
"Dec 15, 2006",Friday,2,1,1,1,6,19,36,74,43,52,56,54,40,57,54,51,59,37,40,15,15,10,5,4,732,199,False,South
"Dec 16, 2006",Saturday,3,1,3,2,6,9,8,20,40,48,58,52,54,42,35,44,40,36,28,30,13,22,20,17,631,199,False,South
"Dec 17, 2006",Sunday,7,7,3,2,1,6,5,16,18,39,29,38,34,42,34,26,44,31,33,16,19,11,4,4,469,199,False,South
"Dec 18, 2006",Monday,3,1,0,4,6,19,30,93,47,64,51,43,48,46,63,51,67,38,21,18,14,9,4,3,743,199,False,South
"Dec 19, 2006",Tuesday,2,0,0,3,5,27,32,82,52,84,56,46,54,50,46,57,45,56,39,22,5,15,3,7,788,199,False,South
"Dec 20, 2006",Wednesday,0,0,2,4,3,24,33,71,41,48,32,38,36,45,43,46,40,30,16,12,10,3,0,1,578,199,False,South
"Dec 21, 2006",Thursday,0,1,0,0,5,18,15,31,29,23,20,23,31,30,39,25,24,19,17,8,7,4,1,5,375,199,False,South
"Dec 22, 2006",Friday,2,4,0,1,4,18,37,50,41,46,41,43,36,45,48,52,60,31,28,17,20,12,14,6,656,199,False,South
"Dec 23, 2006",Saturday,6,5,7,2,5,14,7,16,31,44,52,69,58,38,48,40,41,46,34,15,19,28,23,10,658,199,False,South
"Dec 24, 2006",Sunday,1,7,1,2,3,8,7,6,21,42,35,36,50,33,29,36,54,27,23,17,7,18,19,11,493,199,False,South
"Dec 25, 2006",Monday,4,1,2,0,4,2,1,5,19,25,37,50,28,25,31,33,41,44,35,31,29,17,13,6,483,199,False,South
"Dec 26, 2006",Tuesday,1,4,1,1,5,10,21,52,64,45,55,48,53,50,64,47,42,43,24,22,13,13,6,4,688,199,False,South
"Dec 27, 2006",Wednesday,3,0,0,3,6,17,24,59,41,56,61,55,55,48,66,54,41,36,29,12,13,19,5,4,707,199,False,South
"Dec 28, 2006",Thursday,1,2,1,0,4,14,20,63,33,58,52,41,43,59,40,54,40,43,35,20,8,18,5,4,658,199,False,South
"Dec 29, 2006",Friday,2,1,3,1,5,15,17,49,40,49,28,43,36,39,49,45,44,28,27,15,17,10,8,9,580,199,False,South
"Dec 30, 2006",Saturday,1,4,1,0,4,6,7,11,15,22,31,37,35,35,42,17,23,19,16,6,6,11,6,11,366,199,False,South
"Dec 31, 2006",Sunday,3,6,5,2,3,2,5,5,8,24,10,16,17,27,18,26,12,22,11,14,13,9,5,9,272,199,False,South
