Jan 1, 2009|Thursday|8|15|10|5|4|11|8|14|36|63|59|94|101|90|80|117|76|34|51|41|30|23|19|24|1013|170|East
Jan 2, 2009|Friday|15|13|11|12|6|16|31|64|59|107|146|138|151|164|152|175|159|164|124|43|42|37|34|29|1892|170|East
Jan 3, 2009|Saturday|15|6|9|1|6|9|13|25|30|75|73|84|47|57|49|60|62|31|30|36|13|17|8|38|794|170|East
* Jan 4,|2009|Sunday|11|13|2|14|6|8|11|17|28|61|69|86|92|98|96|87|79|82|65|44|41|27|23|13|1073|170|East
* Jan 5,|2009|Monday|10|10|6|12|23|41|57|103|84|85|87|85|89|98|91|95|102|105|63|44|34|27|28|16|1395|170|East
* Jan 6,|2009|Tuesday|11|10|9|9|15|43|58|99|95|106|89|91|84|97|87|90|102|87|66|43|42|39|27|25|1424|170|East
Jan 7, 2009|Wednesday|7|6|2|11|16|31|65|113|90|97|106|89|70|89|112|123|121|118|63|29|36|25|10|15|1444|170|East
* Jan 8,|2009|Thursday|10|8|8|8|13|35|62|92|78|88|90|91|102|114|119|121|127|124|87|49|41|42|34|27|1570|170|East
Jan 9, 2009|Friday|12|6|12|4|23|25|51|96|47|84|127|108|132|135|106|159|154|158|137|101|71|49|43|45|1885|170|East
Jan 10, 2009|Saturday|16|6|10|10|9|11|22|30|156|151|157|122|132|137|68|67|46|68|74|48|43|28|19|29|1459|170|East
Jan 11, 2009|Sunday|7|6|11|3|3|8|5|9|36|66|85|100|116|100|130|56|59|88|76|52|48|32|27|16|1139|170|East
* Jan 12,|2009|Monday|6|5|5|4|11|38|65|104|79|59|78|80|107|118|91|94|101|104|62|43|34|26|27|19|1360|170|East
* Jan 13,|2009|Tuesday|2|5|3|4|10|23|28|94|86|92|66|87|84|96|87|90|101|87|66|42|41|38|26|24|1282|170|East
* Jan 14,|2009|Wednesday|5|4|6|9|5|27|63|88|71|65|76|106|91|97|88|95|115|104|75|38|41|23|18|16|1326|170|East
* Jan 15,|2009|Thursday|5|5|5|6|10|26|42|80|48|69|85|75|86|95|99|111|131|116|91|59|43|44|36|29|1396|170|East
* Jan 16,|2009|Friday|9|6|4|7|5|17|24|50|65|103|103|113|125|137|152|183|188|167|149|85|55|49|28|25|1849|170|East
Jan 17, 2009|Saturday|12|5|5|3|8|13|27|31|81|106|171|140|136|101|96|99|101|76|85|45|35|39|27|15|1457|170|East
Jan 18, 2009|Sunday|9|8|6|7|5|8|8|10|45|57|72|101|119|121|123|121|83|82|71|57|35|35|20|18|1221|170|East
* Jan 19,|2009|Monday|6|3|6|4|9|37|49|74|86|64|122|101|126|90|100|126|120|110|66|46|36|28|29|21|1459|170|East
* Jan 20,|2009|Tuesday|12|11|9|9|16|44|60|102|98|110|92|94|87|100|90|93|105|90|69|44|43|40|27|25|1470|170|East
Jan 21, 2009|Wednesday|6|2|5|0|10|29|51|79|108|87|105|100|82|116|108|114|118|110|64|49|64|31|36|10|1484|170|East
* Jan 22,|2009|Thursday|11|8|8|8|14|36|64|95|80|91|93|94|105|118|123|125|131|128|89|50|42|43|35|28|1619|170|East
* Jan 23,|2009|Friday|9|11|8|11|14|35|55|71|83|102|113|110|119|146|149|142|174|159|134|99|70|48|42|43|1947|170|East
* Jan 24,|2009|Saturday|12|11|5|2|6|14|12|35|70|92|102|126|101|118|108|99|100|95|70|60|61|39|35|40|1413|170|East
* Jan 25,|2009|Sunday|16|5|3|10|16|18|8|10|36|56|91|83|115|115|112|102|93|96|76|52|48|32|27|16|1236|170|East
Jan 26, 2009|Monday|4|3|4|11|12|34|56|103|83|70|87|80|78|94|100|102|98|96|79|50|36|30|14|13|1337|170|East
Jan 27, 2009|Tuesday|13|6|6|8|26|36|59|106|81|93|89|80|70|108|115|115|139|117|59|68|39|28|27|12|1500|170|East
* Jan 28,|2009|Wednesday|5|7|7|3|11|27|50|104|82|91|101|107|87|85|108|114|103|113|75|49|37|27|19|26|1438|170|East
* Jan 29,|2009|Thursday|7|4|5|2|7|31|51|86|96|86|96|87|83|112|125|124|135|110|124|64|46|44|36|29|1590|170|East
* Jan 30,|2009|Friday|4|6|3|4|14|16|36|97|111|123|117|107|128|144|152|176|198|149|135|96|71|49|43|45|2024|170|East
Jan 31, 2009|Saturday|13|10|6|14|8|13|23|36|67|103|131|155|125|108|102|100|85|107|107|54|45|35|46|28|1521|170|East
* Jan 1,|2009|Thursday|7|3|2|5|4|9|25|47|49|57|51|67|63|69|78|87|81|75|50|54|34|39|28|18|1002|170|West
* Jan 2,|2009|Friday|14|7|3|9|5|22|37|55|78|71|76|86|107|124|143|156|167|133|104|78|61|67|41|32|1676|170|West
* Jan 3,|2009|Saturday|7|3|1|2|1|3|10|13|28|43|49|56|55|58|65|63|73|55|52|37|37|30|22|14|777|170|West
* Jan 4,|2009|Sunday|9|6|3|2|2|3|12|13|27|38|61|77|96|101|99|117|119|113|90|79|57|44|23|11|1202|170|West
* Jan 5,|2009|Monday|11|7|5|7|11|28|46|67|97|75|85|89|83|97|113|132|136|126|77|77|49|40|39|15|1512|170|West
* Jan 6,|2009|Tuesday|9|6|3|9|4|19|42|63|80|74|69|78|83|86|103|119|121|124|73|69|48|47|46|16|1391|170|West
* Jan 7,|2009|Wednesday|9|7|5|7|7|14|31|64|75|74|76|80|83|96|108|128|124|123|71|74|41|42|27|12|1378|170|West
* Jan 8,|2009|Thursday|12|6|4|9|7|15|40|74|77|89|81|106|99|108|122|137|127|117|78|86|54|62|45|27|1582|170|West
* Jan 9,|2009|Friday|14|8|4|10|6|23|37|55|79|71|77|87|107|125|144|157|167|134|105|79|62|68|42|30|1691|170|West
* Jan 10,|2009|Saturday|14|7|3|5|3|7|18|25|50|78|90|101|99|106|118|113|132|99|94|67|68|55|40|26|1418|170|West
* Jan 11,|2009|Sunday|10|7|4|3|3|4|13|15|30|43|68|86|106|112|110|130|132|125|100|87|64|49|26|14|1341|170|West
* Jan 12,|2009|Monday|11|7|5|7|11|28|46|67|97|75|85|89|83|97|113|132|136|126|77|77|49|40|39|15|1512|170|West
* Jan 13,|2009|Tuesday|9|6|3|9|4|19|42|63|80|74|69|78|83|86|103|119|121|124|73|69|48|47|46|16|1391|170|West
* Jan 14,|2009|Wednesday|9|7|5|7|7|14|31|64|75|74|76|80|83|96|108|128|124|123|71|74|41|42|27|12|1378|170|West
* Jan 15,|2009|Thursday|12|6|4|9|7|15|40|74|77|89|81|106|99|108|122|137|127|117|78|86|54|62|45|27|1582|170|West
* Jan 16,|2009|Friday|14|8|4|10|6|23|37|55|79|71|77|87|107|125|144|157|167|134|105|79|62|68|42|30|1691|170|West
* Jan 17,|2009|Saturday|14|7|3|5|3|7|18|25|50|78|90|101|99|106|118|113|132|99|94|67|68|55|40|26|1418|170|West
* Jan 18,|2009|Sunday|10|7|4|3|3|4|13|15|30|43|68|86|106|112|110|130|132|125|100|87|64|49|26|14|1341|170|West
* Jan 19,|2009|Monday|12|7|5|7|12|28|47|69|100|77|88|92|85|100|116|136|140|130|79|79|51|41|40|19|1560|170|West
* Jan 20,|2009|Tuesday|9|6|3|9|4|20|43|65|82|76|71|80|86|89|107|123|125|128|75|71|50|49|47|17|1435|170|West
* Jan 21,|2009|Wednesday|9|7|5|7|7|15|32|66|77|76|78|82|86|99|111|132|128|127|73|76|42|43|27|16|1421|170|West
* Jan 22,|2009|Thursday|13|6|4|9|7|16|41|77|79|92|83|109|102|112|126|141|131|121|80|88|56|64|46|29|1632|170|West
* Jan 23,|2009|Friday|15|8|4|10|6|24|38|57|81|74|79|89|111|129|148|162|173|138|108|81|64|70|43|33|1745|170|West
* Jan 24,|2009|Saturday|15|7|3|5|3|7|19|26|52|81|92|104|102|109|122|117|137|102|97|69|70|57|41|26|1463|170|West
* Jan 25,|2009|Sunday|11|7|4|3|3|4|14|16|31|44|71|88|110|116|114|134|136|129|103|90|66|51|26|12|1383|170|West
* Jan 26,|2009|Monday|12|7|5|7|12|28|47|69|100|77|88|92|85|100|116|136|140|130|79|79|51|41|40|19|1560|170|West
* Jan 27,|2009|Tuesday|9|6|3|9|4|20|43|65|82|76|71|80|86|89|107|123|125|128|75|71|50|49|47|17|1435|170|West
* Jan 28,|2009|Wednesday|9|7|5|7|7|15|32|66|77|76|78|82|86|99|111|132|128|127|73|76|42|43|27|16|1421|170|West
* Jan 29,|2009|Thursday|13|6|4|9|7|16|41|77|79|92|83|109|102|112|126|141|131|121|80|88|56|64|46|29|1632|170|West
* Jan 30,|2009|Friday|15|8|4|10|6|24|38|57|81|74|79|89|111|129|148|162|173|138|108|81|64|70|43|33|1745|170|West
* Jan 31,|2009|Saturday|15|7|3|5|3|7|19|26|52|81|92|104|102|109|122|117|137|102|97|69|70|57|41|26|1463|170|West
* Feb 1,|2009|Sunday|15|12|9|10|10|17|22|23|41|80|88|98|128|126|109|108|107|95|91|84|70|35|24|24|1426|170|East
* Feb 2,|2009|Monday|13|8|10|15|17|47|70|109|101|94|102|97|105|108|102|99|115|103|69|55|50|39|33|28|1589|170|East
* Feb 3,|2009|Tuesday|7|13|13|12|16|41|64|109|88|99|104|98|90|107|92|107|118|113|81|50|48|40|35|31|1576|170|East
* Feb 4,|2009|Wednesday|10|7|7|8|11|41|60|102|83|99|96|100|104|106|99|98|112|105|76|44|41|30|35|29|1503|170|East
Feb 5, 2009|Thursday|2|3|4|1|9|40|62|102|103|115|103|95|100|120|136|139|139|138|102|62|47|54|44|16|1736|170|East
Feb 6, 2009|Friday|8|7|4|9|9|18|46|107|101|127|114|145|134|166|200|195|212|189|171|111|74|59|31|38|2275|170|East
* Feb 7,|2009|Saturday|21|12|8|7|8|13|25|42|109|139|146|144|131|116|118|107|112|95|89|70|65|54|31|29|1691|170|East
* Feb 8,|2009|Sunday|15|12|9|10|10|17|23|24|43|83|91|102|133|131|114|113|112|99|95|87|73|37|25|27|1485|170|East
Feb 9, 2009|Monday|8|14|23|16|10|48|64|84|85|66|40|66|60|68|66|67|54|55|44|27|25|23|11|32|1056|170|East
* Feb 10,|2009|Tuesday|7|13|13|12|16|40|62|106|85|96|101|95|87|104|89|104|115|110|78|49|47|39|34|28|1530|170|East
* Feb 11,|2009|Wednesday|10|7|7|8|11|40|59|99|80|96|93|97|101|103|96|95|109|102|73|43|40|29|34|27|1459|170|East
* Feb 12,|2009|Thursday|18|15|9|6|11|37|59|99|88|99|99|99|104|113|109|118|133|133|99|76|62|47|40|27|1700|170|East
* Feb 13,|2009|Friday|11|7|3|6|6|25|45|87|73|118|127|117|132|161|154|158|188|174|170|99|75|64|51|37|2088|170|East
* Feb 14,|2009|Saturday|20|17|6|7|9|18|38|63|95|113|131|118|117|124|132|113|129|103|105|73|67|58|30|26|1712|170|East
* Feb 15,|2009|Sunday|15|12|9|10|10|17|22|23|42|80|88|99|129|127|110|109|108|96|92|84|71|36|24|28|1441|170|East
Feb 16, 2009|Monday|11|7|2|5|5|37|60|94|42|91|115|110|110|120|94|88|100|111|88|60|60|47|38|17|1512|170|East
Feb 17, 2009|Tuesday|5|3|7|7|11|33|47|120|105|119|102|106|88|109|107|117|128|136|79|40|39|33|36|18|1595|170|East
Feb 18, 2009|Wednesday|4|8|2|3|9|30|43|108|91|96|87|98|105|101|97|100|125|120|66|56|52|40|34|10|1485|170|East
* Feb 19,|2009|Thursday|4|3|5|6|11|29|55|94|82|105|98|75|98|96|123|127|132|121|96|78|55|55|40|27|1615|170|East
Feb 20, 2009|Friday|18|6|7|6|6|30|45|107|98|101|124|138|142|149|124|196|242|213|174|117|49|46|22|26|2186|170|East
Feb 21, 2009|Saturday|13|13|3|4|11|18|33|55|102|150|151|159|157|115|118|121|86|107|101|69|74|38|36|9|1743|170|East
* Feb 22,|2009|Sunday|10|17|3|5|4|8|10|26|54|82|90|86|92|106|121|111|138|117|97|67|84|36|24|26|1414|170|East
Feb 23, 2009|Monday|7|5|10|4|12|40|45|113|104|102|98|72|90|112|91|121|102|118|77|35|26|20|13|17|1434|170|East
Feb 24, 2009|Tuesday|8|3|2|9|8|30|52|85|88|98|78|99|93|83|98|95|108|97|82|39|48|36|35|30|1404|170|East
* Feb 25,|2009|Wednesday|9|6|6|7|10|37|54|92|75|89|87|90|94|96|89|88|101|95|68|40|37|27|31|28|1356|170|East
* Feb 26,|2009|Thursday|17|14|8|6|10|34|55|92|82|92|92|92|97|105|101|110|123|123|92|71|58|43|37|26|1580|170|East
* Feb 27,|2009|Friday|17|15|15|12|16|36|54|105|84|97|113|114|121|148|141|164|179|158|124|91|69|59|47|34|2013|170|East
Feb 28, 2009|Saturday|12|9|1|6|7|7|20|34|63|105|174|123|122|122|118|96|126|113|80|66|65|57|41|23|1590|170|East
* Feb 1,|2009|Sunday|15|11|7|6|4|5|8|16|32|57|77|119|119|130|127|140|143|129|114|85|54|56|33|19|1506|170|West
* Feb 2,|2009|Monday|10|6|3|8|9|28|41|72|98|87|92|105|98|116|114|140|138|142|89|85|57|61|50|26|1675|170|West
* Feb 3,|2009|Tuesday|10|4|3|15|8|16|46|63|96|83|94|96|86|117|116|141|136|135|82|88|50|56|58|24|1623|170|West
* Feb 4,|2009|Wednesday|10|6|5|14|6|19|37|63|97|77|90|82|95|97|109|141|128|136|96|77|51|45|48|20|1549|170|West
* Feb 5,|2009|Thursday|10|6|3|13|7|21|39|73|104|87|102|110|111|111|129|147|152|143|116|88|74|77|47|28|1798|170|West
* Feb 6,|2009|Friday|13|7|3|11|7|20|29|55|97|75|102|106|117|132|141|171|198|173|115|109|88|64|59|37|1929|170|West
* Feb 7,|2009|Saturday|17|10|4|5|4|6|19|35|68|88|115|130|123|126|116|126|135|139|109|93|77|66|43|32|1686|170|West
* Feb 8,|2009|Sunday|15|11|7|6|4|5|8|16|34|59|81|123|123|136|133|146|149|135|118|89|56|58|35|20|1567|170|West
* Feb 9,|2009|Monday|7|4|2|5|6|19|27|48|65|58|62|70|65|77|76|94|92|95|60|57|38|41|33|16|1117|170|West
* Feb 10,|2009|Tuesday|10|4|3|15|8|16|45|61|93|80|91|93|83|114|113|137|132|131|79|85|49|54|56|24|1576|170|West
* Feb 11,|2009|Wednesday|10|6|5|14|6|19|36|61|94|74|87|79|92|94|106|137|124|132|93|74|50|44|47|19|1503|170|West
* Feb 12,|2009|Thursday|10|6|3|13|7|21|38|70|101|84|99|107|108|108|125|143|148|139|113|85|71|74|46|26|1745|170|West
* Feb 13,|2009|Friday|13|7|3|11|7|20|28|53|94|73|99|103|114|129|136|166|192|168|112|106|85|62|57|35|1873|170|West
* Feb 14,|2009|Saturday|17|10|4|5|4|6|19|34|66|85|112|126|120|122|113|122|131|135|106|90|74|64|42|29|1636|170|West
* Feb 15,|2009|Sunday|15|11|7|6|4|5|8|16|33|57|78|120|120|132|129|142|144|131|115|86|54|56|34|18|1521|170|West
* Feb 16,|2009|Monday|10|6|3|8|9|28|40|71|96|86|91|103|96|114|112|138|136|140|88|84|56|60|49|19|1643|170|West
* Feb 17,|2009|Tuesday|10|4|3|15|8|16|45|62|94|81|92|94|84|115|114|138|133|132|80|86|49|55|57|25|1592|170|West
* Feb 18,|2009|Wednesday|10|6|5|14|6|19|36|62|95|75|88|80|93|95|107|138|125|133|94|75|50|44|47|22|1519|170|West
* Feb 19,|2009|Thursday|10|6|3|13|7|21|38|71|102|85|100|108|109|109|126|144|149|140|114|86|72|75|46|29|1763|170|West
* Feb 20,|2009|Friday|13|7|3|11|7|20|28|54|95|74|100|104|115|130|138|168|194|170|113|107|86|63|58|34|1892|170|West
* Feb 21,|2009|Saturday|17|10|4|5|4|6|19|34|67|86|113|127|121|123|114|123|132|136|107|91|75|65|42|32|1653|170|West
* Feb 22,|2009|Sunday|15|11|7|6|4|5|8|16|33|58|79|121|121|133|130|143|146|132|116|87|55|57|34|20|1537|170|West
* Feb 23,|2009|Monday|9|6|3|7|8|26|37|65|88|79|83|94|88|105|103|127|125|128|81|77|51|55|45|21|1511|170|West
* Feb 24,|2009|Tuesday|9|4|3|14|7|15|41|57|86|74|85|86|77|106|105|127|122|121|74|79|45|51|52|24|1464|170|West
* Feb 25,|2009|Wednesday|9|6|5|13|6|17|33|57|87|69|81|74|86|87|98|127|115|122|87|69|46|40|43|20|1397|170|West
* Feb 26,|2009|Thursday|9|6|3|12|6|19|35|65|94|78|92|99|100|100|116|133|137|129|105|79|66|69|42|27|1621|170|West
* Feb 27,|2009|Friday|12|6|3|10|6|18|26|50|87|68|92|96|106|119|127|154|178|156|104|98|79|58|53|34|1740|170|West
* Feb 28,|2009|Saturday|16|9|4|5|4|6|17|31|62|79|104|117|111|113|105|113|121|125|98|84|69|60|39|28|1520|170|West
Mar 1, 2009|Sunday|11|4|9|4|5|8|6|21|26|62|79|93|98|103|118|132|51|61|90|80|73|46|39|16|1235|170|East
* Mar 2,|2009|Monday|19|8|9|15|19|49|69|109|96|100|97|93|112|107|106|102|107|117|77|52|52|35|30|34|1614|170|East
Mar 3, 2009|Tuesday|6|4|5|6|8|34|53|122|87|115|105|99|89|108|89|106|129|122|66|46|54|49|31|16|1549|170|East
Mar 4, 2009|Wednesday|6|5|8|4|9|29|64|117|87|81|92|90|107|116|93|107|117|100|72|42|34|36|39|24|1479|170|East
Mar 5, 2009|Thursday|14|16|8|6|13|37|49|105|119|99|90|105|115|102|130|131|153|141|109|69|48|43|27|21|1750|170|East
Mar 6, 2009|Friday|11|33|16|15|19|37|60|115|121|111|115|126|125|146|128|153|203|210|171|100|88|58|37|25|2223|170|East
* Mar 7,|2009|Saturday|24|12|7|7|10|25|44|70|81|122|128|139|139|127|123|105|112|97|87|69|51|54|41|30|1704|170|East
* Mar 8,|2009|Sunday|16|4|6|12|15|21|13|29|52|91|104|107|119|120|154|153|142|113|79|86|66|51|31|12|1596|170|East
* Mar 9,|2009|Monday|18|8|9|14|18|47|66|105|92|96|93|128|58|86|81|84|138|106|85|48|37|22|14|0|1453|170|East
* Mar 10,|2009|Tuesday|7|9|7|10|9|22|30|42|34|43|42|44|51|50|42|46|55|45|28|23|20|28|22|11|720|170|East
* Mar 11,|2009|Wednesday|8|7|7|7|11|26|32|69|52|60|57|58|62|61|61|64|72|64|41|31|22|17|15|15|919|170|East
* Mar 12,|2009|Thursday|16|9|9|14|23|23|46|104|53|111|86|92|121|115|140|151|145|188|139|113|92|74|29|28|1921|170|East
Mar 13, 2009|Friday|4|12|10|8|13|32|55|106|88|90|130|86|151|127|178|180|201|151|163|123|86|60|50|52|2156|170|East
Mar 14, 2009|Saturday|29|29|20|13|17|10|32|70|114|99|152|150|126|117|100|111|104|192|117|67|58|39|41|35|1842|170|East
Mar 15, 2009|Sunday|18|22|20|20|15|19|26|15|42|77|89|100|124|125|140|120|105|109|85|79|51|36|38|17|1492|170|East
Mar 16, 2009|Monday|11|3|7|8|10|39|63|115|98|97|83|91|95|102|103|111|93|125|70|54|34|36|29|20|1497|170|East
Mar 17, 2009|Tuesday|8|7|4|19|16|58|51|113|97|107|112|108|87|94|98|113|114|107|73|47|51|165|70|29|1748|170|East
Mar 18, 2009|Wednesday|10|9|8|8|12|34|59|123|94|85|87|107|111|114|90|119|120|113|70|44|41|39|19|32|1548|170|East
* Mar 19,|2009|Thursday|12|9|4|8|14|50|63|105|98|106|96|108|110|113|126|128|145|133|109|80|63|42|32|33|1787|170|East
Mar 20, 2009|Friday|21|36|26|24|20|37|65|96|82|102|101|124|108|130|118|122|141|168|148|90|65|188|111|20|2143|170|East
Mar 21, 2009|Saturday|17|11|10|10|5|14|21|27|55|99|126|124|140|96|106|113|90|95|88|92|76|70|49|35|1569|170|East
Mar 22, 2009|Sunday|20|12|5|7|13|11|29|24|57|76|67|75|119|115|110|136|113|161|95|73|51|38|27|26|1460|170|East
Mar 23, 2009|Monday|19|24|12|22|31|37|67|110|91|90|111|92|107|79|95|114|111|98|81|68|50|36|20|21|1586|170|East
Mar 24, 2009|Tuesday|18|15|5|9|15|45|63|115|75|95|88|122|81|85|99|110|114|103|69|47|48|32|21|41|1515|170|East
Mar 25, 2009|Wednesday|24|22|25|14|17|43|22|109|87|69|86|95|84|68|89|78|104|97|92|37|34|39|29|17|1381|170|East
Mar 26, 2009|Thursday|5|3|4|5|8|31|63|101|73|104|88|80|108|99|132|131|141|103|78|70|46|50|28|23|1574|170|East
Mar 27, 2009|Friday|15|13|5|9|6|18|53|106|96|104|107|105|103|121|137|130|175|171|119|81|66|49|20|34|1843|170|East
* Mar 28,|2009|Saturday|22|11|7|7|9|23|39|63|73|110|116|126|126|115|111|95|102|87|79|62|46|49|37|25|1540|170|East
Mar 29, 2009|Sunday|13|13|2|2|4|11|6|15|42|55|91|108|124|108|115|90|96|106|94|78|59|33|23|24|1312|170|East
Mar 30, 2009|Monday|20|17|14|20|28|39|50|118|108|108|115|106|90|102|102|104|119|98|69|47|42|28|18|17|1579|170|East
Mar 31, 2009|Tuesday|9|15|5|12|12|38|48|107|80|54|48|70|126|76|70|57|60|52|35|29|10|18|10|7|1048|170|East
* Mar 1,|2009|Sunday|17|7|6|6|4|5|9|18|32|53|69|91|98|103|107|123|140|138|125|89|60|45|26|15|1386|170|West
* Mar 2,|2009|Monday|8|6|6|4|10|24|43|70|87|96|90|106|110|113|127|136|144|137|101|71|55|51|35|22|1652|170|West
* Mar 3,|2009|Tuesday|8|7|5|11|9|19|42|70|92|86|77|82|101|103|110|141|137|140|82|71|54|44|43|20|1554|170|West
* Mar 4,|2009|Wednesday|9|8|5|13|7|21|39|68|96|81|81|92|107|113|115|138|143|131|94|82|54|54|35|18|1604|170|West
* Mar 5,|2009|Thursday|10|8|5|13|8|19|32|77|86|86|95|109|123|121|123|141|148|145|100|90|76|70|47|23|1755|170|West
* Mar 6,|2009|Friday|12|5|7|8|10|15|30|65|84|77|101|116|130|137|160|199|201|179|134|109|70|68|57|37|2011|170|West
* Mar 7,|2009|Saturday|20|12|8|5|5|7|20|46|68|98|132|132|122|117|130|133|133|153|111|98|81|75|48|31|1785|170|West
* Mar 8,|2009|Sunday|20|8|6|6|4|5|10|21|36|60|78|103|111|116|121|139|158|156|141|101|68|51|29|19|1567|170|West
* Mar 9,|2009|Monday|7|5|5|3|9|21|38|62|78|86|81|95|99|102|114|123|130|124|91|63|49|46|31|18|1480|170|West
* Mar 10,|2009|Tuesday|4|3|2|5|4|8|18|30|40|37|33|36|44|45|48|61|59|60|36|31|23|19|18|8|672|170|West
* Mar 11,|2009|Wednesday|5|5|3|7|4|12|22|39|55|47|47|53|62|65|66|79|82|76|54|47|31|31|20|13|925|170|West
* Mar 12,|2009|Thursday|11|9|5|13|9|20|34|81|91|91|99|115|129|127|129|147|155|152|105|94|80|73|49|21|1839|170|West
* Mar 13,|2009|Friday|13|5|8|9|11|15|32|68|88|81|106|121|136|144|168|209|211|188|141|115|73|71|60|35|2108|170|West
* Mar 14,|2009|Saturday|21|13|9|5|5|8|21|48|71|102|138|138|127|123|136|139|139|160|117|102|85|78|50|36|1871|170|West
* Mar 15,|2009|Sunday|21|9|7|7|4|5|11|22|38|63|82|108|117|122|126|146|166|163|148|106|71|53|31|16|1642|170|West
* Mar 16,|2009|Monday|8|6|6|4|10|23|42|68|86|94|89|104|108|111|124|133|142|134|99|69|54|50|35|21|1620|170|West
* Mar 17,|2009|Tuesday|8|7|5|11|9|18|41|68|90|85|76|81|99|101|108|138|135|137|81|69|53|43|42|19|1524|170|West
* Mar 18,|2009|Wednesday|9|8|5|12|7|20|38|66|94|80|80|90|105|110|112|135|140|129|92|81|53|53|35|19|1573|170|West
* Mar 19,|2009|Thursday|10|8|5|12|8|18|32|76|85|85|93|107|121|119|121|138|145|142|98|88|75|68|46|21|1721|170|West
* Mar 20,|2009|Friday|12|5|7|8|10|14|30|63|83|76|99|113|128|135|157|195|197|176|132|107|68|66|56|35|1972|170|West
* Mar 21,|2009|Saturday|19|12|8|5|5|7|19|45|66|96|129|129|119|115|127|130|130|150|109|96|79|73|47|36|1751|170|West
* Mar 22,|2009|Sunday|19|8|6|6|4|5|10|20|36|59|76|101|109|114|118|137|155|153|139|99|66|50|29|18|1537|170|West
* Mar 23,|2009|Monday|8|6|6|4|9|22|38|63|79|86|82|96|100|102|115|123|131|124|91|64|50|46|32|16|1493|170|West
* Mar 24,|2009|Tuesday|8|7|5|10|8|17|38|63|83|78|70|74|91|93|100|127|124|126|74|64|49|40|39|17|1405|170|West
* Mar 25,|2009|Wednesday|8|8|5|11|7|19|35|61|87|73|73|83|97|102|104|124|129|119|85|74|49|49|32|16|1450|170|West
* Mar 26,|2009|Thursday|9|8|5|11|8|17|29|70|78|78|86|99|111|109|111|127|134|131|90|81|69|63|42|20|1586|170|West
* Mar 27,|2009|Friday|11|5|7|8|9|13|27|58|76|70|91|104|118|124|145|180|182|162|121|99|63|61|52|31|1817|170|West
* Mar 28,|2009|Saturday|18|11|8|5|5|7|18|41|61|88|119|119|110|106|117|120|120|138|100|88|73|68|43|30|1613|170|West
* Mar 29,|2009|Sunday|18|8|6|6|4|5|9|19|33|54|70|93|101|105|109|126|143|141|128|91|61|46|26|14|1416|170|West
* Mar 30,|2009|Monday|8|6|6|4|10|23|41|67|84|92|87|102|106|109|122|131|139|132|97|68|53|49|34|19|1589|170|West
* Mar 31,|2009|Tuesday|5|5|3|7|6|12|26|44|57|54|48|51|63|64|69|88|86|87|51|44|34|27|27|13|971|170|West
Apr 1, 2009|Wednesday|9|3|6|12|12|44|67|94|74|91|72|89|105|91|86|109|120|98|63|45|45|35|17|27|1414|170|East
Apr 2, 2009|Thursday|19|25|19|14|14|26|57|111|115|103|101|102|111|114|132|130|159|119|101|70|52|37|22|15|1768|170|East
Apr 3, 2009|Friday|17|18|17|8|14|34|68|124|114|132|135|114|115|133|137|157|162|162|137|89|54|48|29|14|2032|170|East
Apr 4, 2009|Saturday|15|13|10|21|23|33|28|38|67|105|131|153|118|129|119|104|102|151|100|54|55|43|32|11|1655|170|East
Apr 5, 2009|Sunday|6|13|10|16|14|13|19|19|54|69|84|73|117|139|104|107|80|98|92|75|49|41|15|17|1324|170|East
* Apr 6,|2009|Monday|10|5|6|9|23|54|74|131|121|121|118|107|109|114|110|107|124|118|78|57|41|35|24|21|1717|170|East
Apr 7, 2009|Tuesday|16|27|21|33|19|51|76|128|93|107|97|105|92|120|106|123|121|105|76|69|48|26|17|16|1692|170|East
Apr 8, 2009|Wednesday|2|11|27|14|17|52|65|108|121|122|114|129|95|100|100|116|155|117|89|54|39|45|25|13|1730|170|East
Apr 9, 2009|Thursday|5|4|6|9|12|42|59|115|111|102|101|105|92|164|162|174|191|195|165|137|86|42|32|30|2141|170|East
Apr 10, 2009|Friday|7|20|13|11|19|33|48|105|97|123|127|135|155|177|207|159|169|131|123|92|78|46|34|28|2137|170|East
Apr 11, 2009|Saturday|9|13|11|14|17|26|22|36|82|138|164|141|103|126|123|96|102|94|68|87|72|46|25|26|1641|170|East
Apr 12, 2009|Sunday|12|4|9|3|2|8|12|16|43|80|102|125|109|112|116|128|179|165|178|109|80|53|21|18|1684|170|East
Apr 13, 2009|Monday|6|5|6|7|7|40|74|107|104|102|132|114|121|104|112|115|127|102|94|69|38|28|25|14|1653|170|East
Apr 14, 2009|Tuesday|5|6|6|8|10|37|59|118|113|124|93|100|101|95|112|122|120|121|64|54|34|17|13|20|1552|170|East
Apr 15, 2009|Wednesday|8|4|3|4|9|31|55|107|98|89|114|99|114|102|107|129|133|105|88|51|33|36|19|14|1552|170|East
Apr 16, 2009|Thursday|8|5|2|6|12|30|63|107|77|105|115|99|103|92|134|151|161|96|91|63|53|37|20|19|1649|170|East
Apr 17, 2009|Friday|19|16|7|8|7|23|61|122|114|112|126|142|128|132|147|161|172|172|173|111|59|59|37|30|2138|170|East
Apr 18, 2009|Saturday|10|12|8|4|8|20|34|56|98|104|132|124|114|115|125|109|141|127|98|70|62|43|27|18|1659|170|East
Apr 19, 2009|Sunday|15|5|5|3|2|17|17|28|60|84|81|99|107|119|147|112|109|100|103|58|66|39|17|12|1405|170|East
Apr 20, 2009|Monday|6|5|6|5|8|48|81|116|85|82|101|114|94|96|109|128|131|106|83|43|28|33|17|13|1538|170|East
Apr 21, 2009|Tuesday|7|6|5|6|16|39|66|120|96|116|110|103|101|80|85|105|98|110|67|53|41|37|23|8|1498|170|East
Apr 22, 2009|Wednesday|6|3|5|4|10|28|58|109|116|112|110|118|103|86|109|113|145|126|83|55|49|34|16|15|1613|170|East
Apr 23, 2009|Thursday|4|4|8|3|7|29|65|114|101|114|105|86|129|102|123|140|154|134|110|84|59|48|20|14|1757|170|East
Apr 24, 2009|Friday|17|6|6|7|5|22|56|114|102|101|112|121|130|151|154|146|220|171|155|120|87|48|44|33|2128|170|East
Apr 25, 2009|Saturday|17|10|4|6|11|21|35|46|86|148|154|154|132|94|101|102|108|82|115|93|60|52|31|26|1688|170|East
Apr 26, 2009|Sunday|7|4|5|3|6|10|6|18|45|99|100|103|133|152|146|117|116|125|95|64|60|35|18|23|1490|170|East
Apr 27, 2009|Monday|5|6|6|10|14|34|76|113|101|89|74|109|99|92|102|126|118|96|71|41|43|19|16|20|1480|170|East
Apr 28, 2009|Tuesday|5|5|3|6|15|40|61|120|102|96|100|107|76|101|120|128|118|110|86|50|50|35|13|16|1563|170|East
Apr 29, 2009|Wednesday|5|4|5|4|8|25|66|108|106|113|103|124|117|124|127|119|119|124|69|44|35|36|18|19|1622|170|East
Apr 30, 2009|Thursday|11|5|2|5|10|34|65|119|94|111|98|140|96|107|151|135|138|117|92|63|61|30|14|17|1715|170|East
* Apr 1,|2009|Wednesday|8|5|4|14|6|16|35|69|78|76|84|93|94|107|109|131|133|124|91|69|58|54|32|12|1502|170|West
* Apr 2,|2009|Thursday|10|7|4|15|6|15|44|80|92|87|105|107|118|115|124|162|161|144|94|86|69|64|31|22|1762|170|West
* Apr 3,|2009|Friday|13|9|5|12|8|14|36|66|77|88|98|107|122|140|147|186|177|158|134|96|80|73|47|30|1923|170|West
* Apr 4,|2009|Saturday|16|10|6|4|3|7|26|47|66|96|111|118|124|113|112|122|128|120|104|77|74|62|42|36|1624|170|West
* Apr 5,|2009|Sunday|20|14|11|8|7|5|17|19|31|53|66|94|107|110|129|148|170|152|131|107|82|61|34|26|1602|170|West
* Apr 6,|2009|Monday|11|5|3|7|11|19|56|85|86|88|101|96|112|110|129|147|157|143|86|70|58|53|28|19|1680|170|West
* Apr 7,|2009|Tuesday|14|8|6|19|9|16|44|85|90|92|96|92|112|121|120|156|153|146|97|77|66|47|25|14|1705|170|West
* Apr 8,|2009|Wednesday|9|6|5|16|7|18|39|78|88|86|95|105|106|121|123|148|150|140|103|78|65|61|36|14|1697|170|West
* Apr 9,|2009|Thursday|11|8|5|17|7|17|50|91|104|98|119|121|133|130|140|183|182|163|106|97|78|72|35|24|1991|170|West
* Apr 10,|2009|Friday|15|10|6|14|9|16|41|74|87|99|111|121|138|158|166|210|200|178|151|108|90|82|53|35|2172|170|West
* Apr 11,|2009|Saturday|18|11|7|5|3|8|29|53|75|109|126|133|140|128|127|138|145|136|118|87|84|70|48|37|1835|170|West
* Apr 12,|2009|Sunday|23|16|12|9|8|6|19|22|35|60|75|107|121|125|146|167|192|171|149|121|93|69|39|25|1810|170|West
* Apr 13,|2009|Monday|10|4|3|6|10|18|51|77|78|80|92|88|102|100|117|134|143|131|78|64|53|48|26|18|1531|170|West
* Apr 14,|2009|Tuesday|12|7|5|18|8|14|40|77|82|83|88|83|102|110|109|142|139|133|89|70|60|43|23|17|1554|170|West
* Apr 15,|2009|Wednesday|8|5|4|14|6|16|36|71|80|78|86|96|97|110|112|135|137|128|94|71|60|56|33|14|1547|170|West
* Apr 16,|2009|Thursday|10|7|4|15|6|15|45|82|95|90|108|110|122|119|128|167|166|148|97|89|71|66|32|22|1814|170|West
* Apr 17,|2009|Friday|13|9|5|12|8|14|37|68|79|91|101|110|125|144|151|191|182|163|138|99|82|75|48|35|1980|170|West
* Apr 18,|2009|Saturday|16|10|6|4|3|7|27|48|68|99|114|122|128|116|115|126|132|124|107|79|76|64|43|38|1672|170|West
* Apr 19,|2009|Sunday|21|14|11|8|7|5|18|20|32|55|68|97|111|114|133|152|175|156|135|111|85|63|35|24|1650|170|West
* Apr 20,|2009|Monday|10|4|3|6|10|18|52|78|79|81|93|88|103|101|119|135|145|132|79|64|53|49|26|18|1546|170|West
* Apr 21,|2009|Tuesday|12|7|5|18|8|15|41|78|83|84|88|84|103|111|110|143|140|134|89|71|60|44|23|18|1569|170|West
* Apr 22,|2009|Wednesday|8|5|4|15|6|17|36|72|81|79|87|97|98|111|113|136|138|129|95|72|60|56|33|14|1562|170|West
* Apr 23,|2009|Thursday|10|7|4|16|6|16|46|83|96|91|109|111|123|120|129|169|168|150|98|90|72|67|32|19|1832|170|West
* Apr 24,|2009|Friday|13|9|5|12|8|15|37|69|80|91|102|111|127|145|153|193|184|164|139|100|83|76|49|34|1999|170|West
* Apr 25,|2009|Saturday|17|10|6|4|3|7|27|49|69|100|116|123|129|118|117|127|133|125|108|80|77|65|44|34|1688|170|West
* Apr 26,|2009|Sunday|21|15|11|8|7|5|18|20|32|55|69|98|112|115|135|153|176|158|137|112|86|64|35|24|1666|170|West
* Apr 27,|2009|Monday|10|4|3|6|10|17|50|75|76|78|89|85|99|97|114|130|139|127|76|62|51|47|25|17|1487|170|West
* Apr 28,|2009|Tuesday|12|7|5|17|8|14|39|75|80|81|85|81|99|107|106|138|135|129|86|68|58|42|22|15|1509|170|West
* Apr 29,|2009|Wednesday|8|5|4|14|6|16|35|69|78|76|84|93|94|107|109|131|133|124|91|69|58|54|32|12|1502|170|West
* Apr 30,|2009|Thursday|10|7|4|15|6|15|44|80|92|87|105|107|118|115|124|162|161|144|94|86|69|64|31|22|1762|170|West
May 1, 2009|Friday|15|10|3|5|5|26|65|117|142|124|122|139|149|162|148|174|229|174|174|108|84|61|44|37|2317|170|East
May 2, 2009|Saturday|18|15|4|8|12|21|25|52|107|124|183|160|138|118|123|116|91|188|88|74|74|52|43|25|1859|170|East
May 3, 2009|Sunday|13|7|6|5|5|7|6|20|54|89|105|118|92|91|140|121|130|113|99|78|71|41|32|9|1452|170|East
May 4, 2009|Monday|4|8|1|5|10|37|63|116|95|84|92|106|103|102|99|99|125|109|61|48|47|41|29|16|1500|170|East
May 5, 2009|Tuesday|7|5|7|5|8|32|63|117|101|112|105|110|111|106|107|111|145|116|72|44|34|34|15|11|1578|170|East
May 6, 2009|Wednesday|6|4|6|3|6|30|57|104|106|134|117|103|99|113|111|130|132|112|85|60|47|24|28|20|1637|170|East
May 7, 2009|Thursday|9|6|2|4|19|40|61|112|94|101|124|126|111|129|148|173|170|148|125|86|47|58|34|24|1951|170|East
May 8, 2009|Friday|9|10|2|6|7|31|63|102|110|128|146|158|170|156|174|196|223|234|217|162|115|58|54|28|2559|170|East
May 9, 2009|Saturday|6|11|9|4|9|17|30|58|99|112|166|168|152|120|92|133|115|100|101|87|61|67|48|29|1794|170|East
May 10, 2009|Sunday|9|8|9|4|10|10|21|20|49|100|120|130|136|166|92|142|118|122|124|102|78|43|28|20|1661|170|East
May 11, 2009|Monday|11|5|11|4|16|31|71|109|92|105|113|83|127|91|103|124|136|98|64|40|31|35|10|10|1520|170|East
May 12, 2009|Tuesday|9|4|10|11|6|37|61|97|91|103|101|95|109|92|105|112|167|104|100|57|35|38|19|20|1583|170|East
May 13, 2009|Wednesday|8|3|5|2|12|30|59|121|90|123|124|112|107|133|118|103|147|119|109|70|35|36|23|21|1710|170|East
May 14, 2009|Thursday|15|7|5|5|12|35|57|98|109|109|106|125|126|111|149|165|142|122|95|91|60|51|37|22|1854|170|East
May 15, 2009|Friday|15|9|2|6|9|42|72|103|109|120|147|138|144|159|164|201|214|242|218|150|96|70|45|31|2506|170|East
May 16, 2009|Saturday|8|10|11|4|8|24|27|46|87|136|198|172|179|131|124|116|130|125|114|88|82|66|40|23|1949|170|East
May 17, 2009|Sunday|13|10|6|1|6|11|16|32|51|108|109|120|124|136|124|130|117|105|82|79|67|45|33|16|1541|170|East
May 18, 2009|Monday|8|6|8|6|10|39|66|124|97|100|107|91|102|103|93|126|134|103|80|65|44|28|11|10|1561|170|East
May 19, 2009|Tuesday|9|8|1|7|8|37|63|136|107|103|105|93|107|110|135|132|133|121|85|44|55|28|23|15|1665|170|East
May 20, 2009|Wednesday|5|5|4|2|8|39|63|104|121|116|110|113|110|90|120|115|174|138|94|68|54|42|26|24|1745|170|East
May 21, 2009|Thursday|8|3|4|4|14|38|54|110|107|124|126|131|139|132|149|172|169|163|149|99|112|66|40|32|2145|170|East
May 22, 2009|Friday|19|16|9|9|9|34|58|92|96|122|159|169|180|182|172|214|239|290|299|234|129|92|65|54|2942|170|East
May 23, 2009|Saturday|29|18|10|7|9|18|35|56|100|171|215|251|187|160|144|138|128|153|163|115|115|78|42|45|2387|170|East
May 24, 2009|Sunday|22|16|13|5|2|9|17|35|59|114|118|140|101|136|131|120|109|147|119|77|98|69|61|31|1749|170|East
May 25, 2009|Monday|14|11|5|5|10|6|15|37|35|69|122|142|173|166|147|134|115|115|113|85|55|37|22|21|1654|170|East
May 26, 2009|Tuesday|3|4|3|10|14|43|62|129|108|120|123|124|107|114|129|121|134|136|76|55|42|38|19|8|1722|170|East
May 27, 2009|Wednesday|8|3|4|3|9|43|64|105|104|109|131|117|105|112|130|120|136|125|105|72|50|48|24|28|1755|170|East
May 28, 2009|Thursday|6|4|3|5|11|42|44|112|95|141|130|125|112|134|108|161|171|148|124|100|57|46|29|20|1928|170|East
May 29, 2009|Friday|6|9|4|9|9|40|54|95|91|119|145|164|176|152|239|197|264|231|283|247|127|77|42|39|2819|170|East
May 30, 2009|Saturday|33|10|5|6|5|17|22|43|95|140|197|156|149|148|142|124|133|182|112|75|60|57|43|32|1986|170|East
May 31, 2009|Sunday|7|6|7|4|3|16|13|14|36|98|105|127|130|126|130|121|104|102|110|65|72|48|41|19|1504|170|East
* May 1,|2009|Friday|10|14|3|6|7|13|37|69|92|89|103|109|122|131|164|178|181|188|133|113|89|78|59|37|2025|170|West
* May 2,|2009|Saturday|18|11|6|3|5|6|24|36|59|94|116|139|123|127|126|132|144|126|122|102|83|66|50|36|1754|170|West
* May 3,|2009|Sunday|16|19|5|5|4|6|16|22|47|60|95|122|131|140|172|186|191|194|170|118|95|65|38|19|1936|170|West
* May 4,|2009|Monday|9|6|6|6|8|23|51|88|91|92|105|109|120|123|131|144|150|134|98|74|59|52|29|16|1724|170|West
* May 5,|2009|Tuesday|7|11|4|8|5|16|43|80|90|96|100|95|113|116|131|161|155|146|107|85|72|51|32|12|1736|170|West
* May 6,|2009|Wednesday|7|14|5|8|7|18|37|83|99|87|107|107|118|105|129|147|157|142|97|77|67|49|34|18|1719|170|West
* May 7,|2009|Thursday|7|12|5|8|4|16|43|73|94|96|101|113|125|133|132|161|157|145|94|86|66|73|49|25|1818|170|West
* May 8,|2009|Friday|10|14|3|6|7|13|38|70|94|91|105|111|124|134|167|182|185|192|136|115|91|80|60|37|2065|170|West
* May 9,|2009|Saturday|18|11|6|3|5|6|25|37|60|96|119|142|126|130|129|135|147|129|125|104|85|67|51|33|1789|170|West
* May 10,|2009|Sunday|16|19|5|5|4|6|16|22|48|61|97|124|134|143|175|190|195|198|173|120|97|66|39|21|1974|170|West
* May 11,|2009|Monday|9|6|6|6|8|23|50|87|90|91|104|108|119|122|130|142|148|133|97|74|59|51|28|16|1707|170|West
* May 12,|2009|Tuesday|7|11|4|8|5|16|42|79|89|95|99|94|112|115|130|159|153|144|106|84|72|50|31|14|1719|170|West
* May 13,|2009|Wednesday|7|14|5|8|7|18|36|82|98|86|106|106|116|104|127|146|156|141|96|76|67|49|33|18|1702|170|West
* May 14,|2009|Thursday|7|12|5|8|4|16|42|73|93|95|100|112|124|132|131|159|155|143|93|85|66|73|48|24|1800|170|West
* May 15,|2009|Friday|10|14|3|6|7|13|37|70|93|90|104|110|123|132|166|180|183|190|134|114|90|79|60|37|2045|170|West
* May 16,|2009|Saturday|18|11|6|3|5|6|24|36|60|95|117|141|124|128|127|134|146|127|123|103|84|67|51|35|1771|170|West
* May 17,|2009|Sunday|16|19|5|5|4|6|16|22|47|61|96|123|132|141|174|188|193|196|172|119|96|66|38|20|1955|170|West
* May 18,|2009|Monday|9|6|6|6|8|23|50|87|90|91|104|108|119|122|130|142|148|133|97|74|59|51|28|16|1707|170|West
* May 19,|2009|Tuesday|7|11|4|8|5|16|42|79|89|95|99|94|112|115|130|159|153|144|106|84|72|50|31|14|1719|170|West
* May 20,|2009|Wednesday|7|14|5|8|7|18|36|82|98|86|106|106|116|104|127|146|156|141|96|76|67|49|33|18|1702|170|West
* May 21,|2009|Thursday|8|14|6|9|5|19|49|83|107|109|115|129|143|152|151|183|179|165|107|97|75|83|56|24|2068|170|West
* May 22,|2009|Friday|12|17|4|7|9|16|46|86|114|110|128|135|151|163|203|221|225|233|165|140|110|97|73|46|2511|170|West
* May 23,|2009|Saturday|22|14|7|4|6|7|30|45|73|117|144|173|153|158|156|164|179|156|151|127|103|82|62|41|2174|170|West
* May 24,|2009|Sunday|20|24|6|6|5|7|20|27|58|74|118|151|162|173|213|230|237|240|211|146|118|81|47|26|2400|170|West
* May 25,|2009|Monday|10|6|6|6|9|25|53|92|95|96|110|114|126|129|138|151|157|141|103|78|62|55|30|17|1809|170|West
* May 26,|2009|Tuesday|7|12|4|9|5|17|45|83|94|101|105|99|119|122|138|169|163|153|112|89|76|53|33|13|1821|170|West
* May 27,|2009|Wednesday|8|15|5|9|8|19|39|87|104|91|113|113|123|110|135|154|165|149|102|80|71|51|35|18|1804|170|West
* May 28,|2009|Thursday|7|13|5|9|4|17|45|77|98|100|106|119|131|140|139|169|165|152|98|90|69|77|51|26|1907|170|West
* May 29,|2009|Friday|11|15|3|6|7|14|40|74|98|95|110|117|131|140|176|190|194|201|142|121|95|83|63|40|2166|170|West
* May 30,|2009|Saturday|19|12|6|3|5|6|26|39|63|101|124|149|132|136|135|141|154|135|131|109|89|71|54|36|1876|170|West
* May 31,|2009|Sunday|17|20|5|5|4|6|17|24|50|64|102|130|140|150|184|199|204|207|182|126|102|69|41|23|2071|170|West
Jun 1, 2009|Monday|14|12|8|3|19|42|63|97|103|104|109|110|132|104|135|115|114|103|97|49|56|35|19|12|1655|170|East
Jun 2, 2009|Tuesday|11|4|3|5|12|42|63|105|91|116|123|111|98|121|102|119|146|113|96|59|53|38|17|17|1665|170|East
Jun 3, 2009|Wednesday|7|8|6|3|10|39|55|117|92|98|117|117|126|117|115|124|123|121|88|59|58|41|22|20|1683|170|East
Jun 4, 2009|Thursday|15|2|4|4|12|47|52|98|96|112|128|127|118|129|150|154|144|161|142|107|67|50|37|18|1974|170|East
Jun 5, 2009|Friday|13|11|7|6|10|33|59|127|112|141|152|161|183|201|200|237|201|249|258|159|127|84|50|36|2817|170|East
Jun 6, 2009|Saturday|16|20|4|6|6|14|31|52|97|119|158|160|168|171|113|122|110|111|117|80|57|48|27|27|1834|170|East
Jun 7, 2009|Sunday|14|17|9|8|1|9|19|29|48|74|122|135|124|131|146|128|113|99|107|88|62|34|18|24|1559|170|East
Jun 8, 2009|Monday|11|9|8|9|10|38|59|107|81|122|105|117|125|114|132|133|148|102|89|59|38|39|23|18|1696|170|East
Jun 9, 2009|Tuesday|10|5|3|5|17|43|50|130|109|100|118|118|120|132|122|121|146|116|118|51|46|38|28|18|1764|170|East
Jun 10, 2009|Wednesday|10|10|3|8|14|51|56|105|111|99|113|113|120|128|114|144|126|143|97|55|58|48|28|26|1780|170|East
Jun 11, 2009|Thursday|26|5|4|4|21|40|68|104|130|128|133|150|142|139|137|128|170|169|140|113|73|52|24|26|2126|170|East
Jun 12, 2009|Friday|14|8|5|7|13|36|58|106|110|143|166|171|183|214|249|229|216|244|264|225|152|65|43|37|2958|170|East
Jun 13, 2009|Saturday|35|13|8|8|5|28|27|44|94|152|167|151|156|159|171|136|127|112|85|84|71|61|40|45|1979|170|East
Jun 14, 2009|Sunday|18|17|9|1|6|14|11|24|43|82|124|163|166|146|147|117|138|110|105|87|70|52|30|16|1696|170|East
Jun 15, 2009|Monday|20|7|7|4|14|46|65|111|94|122|116|133|129|127|133|129|146|120|84|65|58|40|32|13|1815|170|East
Jun 16, 2009|Tuesday|8|10|4|3|13|42|63|95|104|112|111|133|145|115|132|124|149|131|94|63|49|43|28|18|1789|170|East
Jun 17, 2009|Wednesday|8|6|2|5|13|37|53|104|105|126|139|128|143|116|125|146|159|124|99|59|64|53|26|17|1857|170|East
Jun 18, 2009|Thursday|10|5|8|4|16|40|52|121|94|132|139|142|166|210|167|188|200|165|161|125|94|61|31|14|2345|170|East
Jun 19, 2009|Friday|13|5|2|7|14|34|53|109|116|144|184|228|195|230|293|269|245|287|270|238|147|90|48|32|3253|170|East
Jun 20, 2009|Saturday|32|15|4|8|5|20|34|66|100|151|239|186|157|156|147|120|121|112|164|98|68|51|43|28|2125|170|East
Jun 21, 2009|Sunday|16|13|8|3|5|7|19|38|65|111|121|131|156|139|140|134|126|128|95|88|79|41|32|15|1710|170|East
Jun 22, 2009|Monday|11|8|7|8|16|47|60|99|94|128|121|141|120|108|118|136|135|121|80|50|54|47|36|20|1765|170|East
Jun 23, 2009|Tuesday|5|6|6|7|10|37|65|115|115|113|110|116|80|121|127|131|131|140|89|70|45|44|31|19|1733|170|East
Jun 24, 2009|Wednesday|6|5|5|4|12|43|67|96|113|126|125|129|144|130|125|138|138|136|98|89|66|41|31|21|1888|170|East
Jun 25, 2009|Thursday|12|10|2|4|17|41|58|95|110|143|132|179|137|183|146|174|185|162|150|126|94|79|41|23|2303|170|East
Jun 26, 2009|Friday|17|9|4|8|8|33|57|110|126|147|191|181|207|210|225|262|288|272|249|231|145|54|41|24|3099|170|East
Jun 27, 2009|Saturday|28|6|6|5|3|16|23|45|104|127|196|208|198|179|177|181|155|119|127|76|66|39|42|36|2162|170|East
Jun 28, 2009|Sunday|11|18|18|6|8|12|13|20|44|108|125|165|177|179|157|181|156|114|112|76|86|57|34|14|1891|170|East
Jun 29, 2009|Monday|10|4|4|9|16|36|60|111|141|109|142|161|127|126|120|140|144|122|95|73|41|52|27|23|1893|170|East
Jun 30, 2009|Tuesday|16|11|7|8|11|33|49|105|83|104|119|142|137|139|152|155|174|147|111|90|68|52|44|25|1982|170|East
* Jun 1,|2009|Monday|11|6|6|6|14|38|50|77|82|99|113|115|121|123|127|137|157|153|100|75|62|48|38|16|1774|170|West
* Jun 2,|2009|Tuesday|13|9|5|9|5|20|41|68|92|92|101|101|115|119|125|143|143|149|91|76|60|53|36|18|1684|170|West
* Jun 3,|2009|Wednesday|12|8|5|8|5|23|42|75|88|99|105|103|116|123|129|133|163|149|103|73|65|55|44|22|1748|170|West
* Jun 4,|2009|Thursday|11|10|5|8|6|20|49|75|89|104|108|114|130|124|139|148|160|151|107|94|78|80|48|23|1881|170|West
* Jun 5,|2009|Friday|13|9|5|10|7|20|47|66|74|96|111|118|133|155|163|178|186|167|144|105|74|67|52|27|2027|170|West
* Jun 6,|2009|Saturday|20|13|7|8|5|8|27|45|69|104|127|132|130|115|124|113|119|119|118|95|81|74|55|34|1742|170|West
* Jun 7,|2009|Sunday|20|14|9|4|6|6|11|26|41|63|95|139|147|190|205|230|265|267|242|207|145|99|57|25|2513|170|West
* Jun 8,|2009|Monday|12|6|6|6|15|40|53|82|87|105|119|122|128|130|135|146|167|162|106|80|66|51|40|17|1881|170|West
* Jun 9,|2009|Tuesday|14|9|5|9|5|21|43|73|98|98|107|107|122|126|132|151|151|158|97|81|64|56|38|22|1787|170|West
* Jun 10,|2009|Wednesday|13|8|5|8|5|24|44|80|94|105|112|109|123|130|137|141|173|158|109|78|69|58|46|25|1854|170|West
* Jun 11,|2009|Thursday|12|11|5|8|6|21|52|80|95|110|115|121|138|131|147|157|169|160|114|100|83|85|50|26|1996|170|West
* Jun 12,|2009|Friday|14|9|5|11|7|21|49|70|79|102|118|125|141|164|172|189|198|177|152|111|79|71|55|31|2150|170|West
* Jun 13,|2009|Saturday|21|14|7|8|5|8|28|47|74|110|134|140|138|122|131|120|126|126|125|101|86|79|59|38|1847|170|West
* Jun 14,|2009|Sunday|21|15|9|4|6|6|12|27|43|67|101|147|156|202|217|244|281|283|257|219|154|105|61|28|2665|170|West
* Jun 15,|2009|Monday|12|7|7|7|16|42|57|87|93|112|127|130|136|139|144|155|178|173|113|85|70|55|42|20|2007|170|West
* Jun 16,|2009|Tuesday|15|10|6|10|6|22|46|77|104|104|114|114|130|135|141|161|161|168|103|86|68|59|40|26|1906|170|West
* Jun 17,|2009|Wednesday|13|9|6|9|6|26|47|85|100|112|119|117|131|139|146|150|184|168|117|83|74|62|49|25|1977|170|West
* Jun 18,|2009|Thursday|12|11|6|9|7|22|55|85|101|118|122|129|147|140|157|167|181|170|121|107|89|91|54|28|2129|170|West
* Jun 19,|2009|Friday|15|10|6|11|8|22|53|75|84|109|126|133|150|175|184|202|211|188|163|119|84|76|58|31|2293|170|West
* Jun 20,|2009|Saturday|22|15|8|9|6|9|30|50|78|118|144|149|147|130|140|128|135|135|133|108|92|84|63|38|1971|170|West
* Jun 21,|2009|Sunday|22|16|10|4|7|7|12|29|46|72|107|157|167|215|232|260|300|302|274|234|165|112|65|28|2843|170|West
* Jun 22,|2009|Monday|12|7|7|7|16|42|57|87|93|112|127|130|136|139|144|155|178|173|113|85|70|55|42|20|2007|170|West
* Jun 23,|2009|Tuesday|15|10|6|10|6|22|46|77|104|104|114|114|130|135|141|161|161|168|103|86|68|59|40|26|1906|170|West
* Jun 24,|2009|Wednesday|13|9|6|9|6|26|47|85|100|112|119|117|131|139|146|150|184|168|117|83|74|62|49|25|1977|170|West
* Jun 25,|2009|Thursday|12|11|6|9|7|22|55|85|101|118|122|129|147|140|157|167|181|170|121|107|89|91|54|28|2129|170|West
* Jun 26,|2009|Friday|15|10|6|11|8|22|53|75|84|109|126|133|150|175|184|202|211|188|163|119|84|76|58|31|2293|170|West
* Jun 27,|2009|Saturday|22|15|8|9|6|9|30|50|78|118|144|149|147|130|140|128|135|135|133|108|92|84|63|38|1971|170|West
* Jun 28,|2009|Sunday|22|16|10|4|7|7|12|29|46|72|107|157|167|215|232|260|300|302|274|234|165|112|65|28|2843|170|West
* Jun 29,|2009|Monday|12|7|7|7|15|42|56|85|91|109|125|127|133|136|141|152|174|170|111|83|69|54|42|16|1964|170|West
* Jun 30,|2009|Tuesday|15|11|6|11|6|23|48|81|109|109|119|119|135|140|147|168|168|175|107|90|71|62|42|23|1985|170|West
Jul 1, 2009|Wednesday|17|6|2|7|10|28|56|88|90|99|165|186|157|169|176|197|196|160|132|118|88|66|36|0|2249|170|East
* Jul 2,|2009|Thursday|9|7|3|4|14|45|68|105|110|132|157|159|160|160|171|168|161|164|152|115|86|76|47|27|2300|170|East
Jul 3, 2009|Friday|31|14|15|2|14|16|37|72|131|218|281|334|297|372|334|287|245|213|205|177|128|94|73|44|3634|170|East
Jul 4, 2009|Saturday|45|14|8|12|5|9|30|62|89|157|205|230|207|190|160|137|125|89|94|94|81|110|37|26|2216|170|East
Jul 5, 2009|Sunday|21|17|6|4|6|12|16|33|40|102|138|159|214|169|144|126|121|114|122|119|70|61|32|28|1874|170|East
Jul 6, 2009|Monday|22|8|7|10|14|38|71|89|93|130|122|141|130|153|163|152|130|123|104|83|52|49|40|20|1944|170|East
Jul 7, 2009|Tuesday|10|6|2|11|11|42|74|108|110|111|125|138|137|110|139|119|144|122|96|86|67|47|33|31|1879|170|East
Jul 8, 2009|Wednesday|7|6|5|13|10|33|51|105|94|136|139|142|131|115|149|162|135|132|96|83|61|45|26|18|1894|170|East
Jul 9, 2009|Thursday|15|5|3|4|16|41|56|95|113|117|156|167|129|167|170|172|192|179|159|126|78|55|47|37|2299|170|East
Jul 10, 2009|Friday|17|6|7|6|8|26|69|108|109|146|183|203|196|231|251|241|217|256|258|235|138|76|59|37|3083|170|East
Jul 11, 2009|Saturday|45|34|11|8|5|21|33|77|135|172|198|223|224|197|197|153|114|184|148|90|87|74|51|31|2512|170|East
Jul 12, 2009|Sunday|23|3|11|9|4|14|25|45|61|116|147|181|141|172|154|136|150|139|93|83|58|54|35|34|1888|170|East
Jul 13, 2009|Monday|11|4|1|12|17|39|67|104|93|113|128|147|122|125|148|125|137|109|104|101|67|50|30|16|1870|170|East
Jul 14, 2009|Tuesday|9|4|6|7|11|33|61|124|100|111|129|134|120|116|170|121|165|151|113|69|69|45|28|19|1915|170|East
Jul 15, 2009|Wednesday|6|9|2|4|12|30|55|96|98|139|154|165|148|147|148|182|178|151|132|96|65|49|37|22|2125|170|East
Jul 16, 2009|Thursday|12|6|12|6|12|38|62|111|124|145|193|187|178|202|205|183|197|185|181|141|87|64|45|29|2605|170|East
* Jul 17,|2009|Friday|15|7|4|6|5|31|55|89|124|137|184|207|216|239|220|245|300|293|287|231|161|89|50|37|3232|170|East
* Jul 18,|2009|Saturday|30|13|10|12|9|16|30|59|101|195|229|209|225|213|157|162|123|118|112|89|81|74|52|35|2354|170|East
Jul 19, 2009|Sunday|21|19|10|2|7|13|21|40|79|143|225|204|162|153|141|131|134|113|127|107|67|63|32|33|2047|170|East
* Jul 20,|2009|Monday|16|3|1|8|14|37|67|95|98|112|140|135|147|118|145|127|144|118|106|63|53|41|27|25|1840|170|East
Jul 21, 2009|Tuesday|8|8|6|8|14|35|60|103|109|91|150|134|134|148|130|136|148|143|106|60|50|44|35|22|1882|170|East
Jul 22, 2009|Wednesday|6|10|2|4|10|32|43|103|109|134|154|126|151|146|158|164|142|127|119|81|63|45|44|22|1995|170|East
Jul 23, 2009|Thursday|24|4|6|3|13|41|57|112|127|140|138|182|183|186|154|206|203|168|172|138|109|66|38|21|2491|170|East
Jul 24, 2009|Friday|16|9|3|9|12|33|53|97|118|144|201|209|196|235|276|250|263|278|270|209|132|85|44|29|3171|170|East
Jul 25, 2009|Saturday|33|19|11|5|11|25|28|46|95|161|203|235|171|190|152|123|154|107|93|106|72|74|42|33|2189|170|East
Jul 26, 2009|Sunday|10|15|7|4|4|15|13|26|53|14|100|211|86|102|131|144|142|112|106|59|89|58|43|26|1570|170|East
Jul 27, 2009|Monday|12|6|2|9|16|33|65|101|89|111|127|122|158|128|142|150|138|147|94|97|55|38|26|9|1875|170|East
Jul 28, 2009|Tuesday|7|4|4|5|10|35|60|107|116|129|136|139|121|133|125|155|144|117|102|93|39|49|25|16|1871|170|East
Jul 29, 2009|Wednesday|8|3|7|6|8|32|54|116|119|136|150|176|138|135|171|155|165|143|98|77|69|53|36|19|2074|170|East
Jul 30, 2009|Thursday|13|7|1|6|11|36|59|101|97|108|146|153|167|152|170|185|165|198|177|143|98|70|45|26|2334|170|East
Jul 31, 2009|Friday|10|16|4|9|12|32|56|104|116|151|207|207|204|234|234|261|277|311|223|201|157|94|64|32|3216|170|East
* Jul 1,|2009|Wednesday|14|9|7|9|9|26|57|82|93|118|124|136|140|151|151|172|180|185|131|89|72|72|48|26|2101|170|West
* Jul 2,|2009|Thursday|16|10|6|10|10|23|51|75|88|108|126|134|142|156|158|159|172|163|122|95|85|72|65|41|2087|170|West
* Jul 3,|2009|Friday|15|9|4|10|9|22|50|72|83|96|120|128|134|150|161|181|184|175|141|105|88|73|57|34|2101|170|West
* Jul 4,|2009|Saturday|19|14|6|8|5|11|26|39|61|99|130|130|125|123|136|128|136|120|103|94|80|68|47|30|1738|170|West
* Jul 5,|2009|Sunday|42|27|16|11|11|13|29|58|94|156|222|314|383|423|445|523|519|550|485|383|291|178|111|56|5340|170|West
* Jul 6,|2009|Monday|16|8|6|6|19|49|77|88|94|122|140|141|140|145|163|164|178|168|126|94|72|68|45|28|2157|170|West
* Jul 7,|2009|Tuesday|15|12|5|10|8|32|68|77|109|119|115|128|133|142|150|154|161|159|121|84|75|67|44|25|2013|170|West
* Jul 8,|2009|Wednesday|14|8|6|8|8|24|54|78|89|112|118|129|134|144|144|164|172|176|125|85|69|69|46|25|2001|170|West
* Jul 9,|2009|Thursday|16|11|6|11|11|23|52|77|89|109|129|136|145|158|160|162|175|166|124|97|86|73|66|42|2124|170|West
* Jul 10,|2009|Friday|17|10|4|11|10|24|55|79|91|106|132|141|148|165|178|200|203|193|156|116|98|81|63|40|2321|170|West
* Jul 11,|2009|Saturday|22|16|7|10|6|13|31|46|72|117|153|153|146|144|159|150|159|141|121|110|93|79|55|34|2037|170|West
* Jul 12,|2009|Sunday|24|16|10|6|6|7|17|34|55|91|129|183|224|247|260|305|303|321|283|224|170|104|65|34|3118|170|West
* Jul 13,|2009|Monday|17|9|7|7|20|51|80|91|98|127|145|146|145|151|170|171|185|174|131|98|75|70|46|24|2238|170|West
* Jul 14,|2009|Tuesday|15|12|5|10|9|33|70|80|113|123|120|133|139|147|156|159|167|165|125|87|78|69|46|29|2090|170|West
* Jul 15,|2009|Wednesday|14|9|7|9|9|25|56|81|92|117|122|134|139|150|150|170|178|183|130|88|71|71|47|24|2076|170|West
* Jul 16,|2009|Thursday|17|11|7|11|11|24|54|79|93|114|133|141|150|164|166|168|182|172|129|100|89|76|68|45|2204|170|West
* Jul 17,|2009|Friday|18|10|4|11|10|25|57|82|95|110|137|146|154|172|185|208|211|200|162|120|101|84|65|42|2409|170|West
* Jul 18,|2009|Saturday|23|16|8|10|7|13|32|47|75|121|158|158|152|150|165|156|165|146|125|114|97|82|57|37|2114|170|West
* Jul 19,|2009|Sunday|25|17|10|7|7|8|18|35|57|95|134|190|232|256|270|317|315|333|294|232|176|108|67|33|3236|170|West
* Jul 20,|2009|Monday|16|8|6|6|19|48|76|86|93|120|137|138|137|143|160|161|175|164|124|93|71|67|44|24|2116|170|West
* Jul 21,|2009|Tuesday|15|11|5|9|8|31|66|76|107|116|113|126|131|139|148|151|158|156|118|82|74|65|44|26|1975|170|West
* Jul 22,|2009|Wednesday|14|8|6|8|8|24|53|77|87|110|115|127|131|141|141|161|168|173|123|83|68|68|45|24|1963|170|West
* Jul 23,|2009|Thursday|16|10|6|10|10|23|51|75|88|107|126|133|142|155|157|158|172|163|122|95|84|72|65|44|2084|170|West
* Jul 24,|2009|Friday|17|9|4|10|9|24|54|78|89|104|130|138|146|162|175|197|200|189|153|113|96|79|61|40|2277|170|West
* Jul 25,|2009|Saturday|22|16|7|9|6|12|30|45|71|114|150|150|143|141|156|148|156|138|119|108|91|78|54|34|1998|170|West
* Jul 26,|2009|Sunday|24|16|9|6|6|7|17|33|54|89|127|180|219|242|255|300|297|315|278|219|166|102|63|35|3059|170|West
* Jul 27,|2009|Monday|16|8|6|6|19|49|77|88|94|122|140|141|140|145|163|164|178|168|126|94|72|68|45|28|2157|170|West
* Jul 28,|2009|Tuesday|15|12|5|10|8|32|68|77|109|119|115|128|133|142|150|154|161|159|121|84|75|67|44|25|2013|170|West
* Jul 29,|2009|Wednesday|14|8|6|8|8|24|54|78|89|112|118|129|134|144|144|164|172|176|125|85|69|69|46|25|2001|170|West
* Jul 30,|2009|Thursday|16|11|6|11|11|23|52|77|89|109|129|136|145|158|160|162|175|166|124|97|86|73|66|42|2124|170|West
* Jul 31,|2009|Friday|17|10|4|11|10|24|55|79|91|106|132|141|148|165|178|200|203|193|156|116|98|81|63|40|2321|170|West
Aug 1, 2009|Saturday|28|14|10|9|5|20|39|85|114|174|214|241|215|182|170|164|144|103|104|104|77|67|45|35|2363|170|East
Aug 2, 2009|Sunday|22|11|7|10|8|6|12|29|57|113|153|152|198|185|161|140|120|115|96|89|56|55|41|26|1862|170|East
Aug 3, 2009|Monday|12|13|3|6|14|40|65|92|97|127|126|168|148|144|146|124|143|133|98|75|73|36|26|13|1922|170|East
* Aug 4,|2009|Tuesday|11|9|4|6|13|42|50|102|110|105|129|145|115|100|120|146|154|148|108|66|50|41|26|19|1819|170|East
Aug 5, 2009|Wednesday|25|10|9|5|18|30|65|112|122|131|149|155|153|182|136|172|166|192|151|98|69|44|36|14|2244|170|East
* Aug 6,|2009|Thursday|8|10|5|7|17|37|66|118|96|111|132|144|154|166|169|189|216|193|182|146|102|70|36|23|2397|170|East
Aug 7, 2009|Friday|8|12|5|9|10|24|57|110|131|143|196|203|228|243|261|311|307|312|328|243|153|89|64|36|3483|170|East
Aug 8, 2009|Saturday|19|13|10|7|6|23|33|42|83|156|215|250|223|213|203|187|174|137|115|90|92|50|40|35|2416|170|East
Aug 9, 2009|Sunday|17|13|9|3|4|13|22|27|55|103|129|192|257|233|233|166|151|163|161|107|63|50|37|14|2222|170|East
* Aug 10,|2009|Monday|9|8|7|8|18|43|65|103|100|112|135|139|143|133|136|136|128|116|96|66|50|43|30|15|1839|170|East
* Aug 11,|2009|Tuesday|6|7|3|8|10|45|63|99|91|120|118|126|126|120|127|125|142|131|98|67|51|42|27|19|1771|170|East
Aug 12, 2009|Wednesday|11|5|5|10|16|37|57|86|99|102|148|159|132|171|142|146|156|140|127|107|65|61|34|16|2032|170|East
Aug 13, 2009|Thursday|9|7|7|6|14|45|54|104|111|114|154|162|164|181|185|206|202|197|134|138|77|68|45|30|2414|170|East
Aug 14, 2009|Friday|11|9|7|10|10|37|59|95|118|150|223|194|205|205|255|275|237|257|256|226|144|93|44|29|3149|170|East
Aug 15, 2009|Saturday|15|15|4|6|10|23|32|60|123|171|182|195|173|193|167|136|132|129|93|85|61|45|38|20|2108|170|East
Aug 16, 2009|Sunday|17|7|10|3|12|12|14|26|51|96|109|147|138|158|165|147|130|115|96|84|67|44|34|16|1698|170|East
Aug 17, 2009|Monday|10|11|6|5|7|40|58|109|107|104|127|168|141|126|137|149|124|102|95|62|63|47|23|14|1835|170|East
Aug 18, 2009|Tuesday|6|8|2|5|14|38|60|99|100|110|122|120|129|117|175|121|143|135|98|68|80|50|24|26|1850|170|East
Aug 19, 2009|Wednesday|10|6|6|10|11|40|66|110|107|133|135|156|122|145|143|154|136|141|123|102|60|45|26|8|1995|170|East
Aug 20, 2009|Thursday|10|3|5|6|14|45|54|125|109|140|142|143|175|210|164|184|210|175|171|150|111|75|55|36|2512|170|East
Aug 21, 2009|Friday|19|20|26|15|19|48|60|95|131|167|187|215|222|260|252|243|244|268|310|224|175|103|62|45|3410|170|East
Aug 22, 2009|Saturday|27|18|22|13|5|32|31|59|99|174|229|218|201|194|169|154|147|159|104|95|101|55|54|29|2389|170|East
Aug 23, 2009|Sunday|15|9|15|9|5|11|13|35|57|108|142|153|172|160|119|130|140|125|104|92|64|56|31|12|1777|170|East
Aug 24, 2009|Monday|8|7|4|8|11|54|84|95|100|93|121|115|151|140|134|124|134|89|88|67|57|28|24|19|1755|170|East
Aug 25, 2009|Tuesday|6|11|3|2|12|48|69|113|95|113|126|122|115|123|117|139|160|121|91|79|54|45|23|17|1804|170|East
Aug 26, 2009|Wednesday|4|9|1|3|11|44|65|112|90|130|140|138|127|116|106|138|149|149|127|71|57|50|28|16|1881|170|East
Aug 27, 2009|Thursday|10|8|5|6|17|50|70|116|101|123|150|120|113|144|139|165|195|174|127|101|81|71|35|25|2146|170|East
Aug 28, 2009|Friday|15|6|11|6|10|39|59|96|109|139|161|168|186|167|213|222|233|257|267|205|151|84|47|30|2881|170|East
Aug 29, 2009|Saturday|27|18|5|4|7|25|48|59|97|125|181|181|167|138|174|136|129|120|99|112|82|45|37|21|2037|170|East
Aug 30, 2009|Sunday|11|13|5|7|7|7|11|19|51|97|80|125|113|125|127|105|122|128|113|107|64|48|28|17|1530|170|East
Aug 31, 2009|Monday|18|7|4|7|17|43|57|96|111|121|113|136|108|118|121|123|126|127|107|76|35|25|20|11|1727|170|East
* Aug 1,|2009|Saturday|20|17|5|7|6|10|23|50|79|118|139|143|149|152|154|155|164|148|126|117|97|88|70|46|2083|170|West
* Aug 2,|2009|Sunday|27|15|6|7|7|7|11|23|49|84|125|163|187|223|242|276|281|291|283|230|161|128|66|31|2923|170|West
* Aug 3,|2009|Monday|12|7|7|8|22|50|82|93|108|124|141|146|147|153|170|163|181|170|120|89|75|70|37|22|2197|170|West
* Aug 4,|2009|Tuesday|11|8|6|10|10|25|65|80|96|114|135|120|128|145|149|165|181|164|118|99|74|59|38|24|2024|170|West
* Aug 5,|2009|Wednesday|9|9|4|13|12|36|64|84|98|121|129|134|127|146|154|167|178|171|129|90|86|62|44|25|2092|170|West
* Aug 6,|2009|Thursday|12|8|6|11|12|34|66|84|98|110|130|139|156|147|156|174|177|172|138|105|86|79|55|33|2188|170|West
* Aug 7,|2009|Friday|12|9|4|10|11|31|54|75|82|110|137|129|150|158|175|192|215|200|163|122|107|90|72|48|2356|170|West
* Aug 8,|2009|Saturday|21|18|6|8|7|10|25|53|83|125|147|152|157|161|163|164|173|156|134|124|102|93|74|45|2201|170|West
* Aug 9,|2009|Sunday|28|16|7|8|8|8|11|25|52|89|132|173|197|235|255|291|297|307|299|243|170|136|69|32|3088|170|West
* Aug 10,|2009|Monday|11|6|6|7|20|46|75|85|98|113|129|133|134|139|155|148|164|155|109|81|68|63|34|22|2001|170|West
* Aug 11,|2009|Tuesday|10|7|5|9|9|22|59|73|88|104|123|109|117|132|136|150|165|149|107|90|67|54|35|24|1844|170|West
* Aug 12,|2009|Wednesday|8|8|4|12|11|33|58|77|89|110|118|122|115|133|140|152|162|155|118|82|79|56|40|23|1905|170|West
* Aug 13,|2009|Thursday|11|7|5|10|11|31|60|77|89|100|119|127|142|134|142|158|161|156|126|96|79|72|50|30|1993|170|West
* Aug 14,|2009|Friday|11|8|4|9|10|29|49|68|75|100|125|117|137|144|159|175|196|182|148|111|97|82|65|45|2146|170|West
* Aug 15,|2009|Saturday|19|16|5|7|6|9|23|48|76|114|134|138|143|146|148|149|158|142|122|113|93|85|68|43|2005|170|West
* Aug 16,|2009|Sunday|26|14|6|7|7|7|10|22|47|81|120|157|180|214|233|265|270|280|273|221|155|124|63|31|2813|170|West
* Aug 17,|2009|Monday|12|6|6|8|21|48|78|89|103|119|135|139|140|146|163|155|173|163|115|85|72|66|35|22|2099|170|West
* Aug 18,|2009|Tuesday|11|8|5|10|10|24|62|76|92|109|129|115|122|138|143|158|173|157|113|94|71|57|36|21|1934|170|West
* Aug 19,|2009|Wednesday|9|9|4|13|12|34|61|80|93|116|123|128|121|139|147|160|170|163|123|86|83|59|42|23|1998|170|West
* Aug 20,|2009|Thursday|12|8|5|11|12|32|63|80|93|105|124|133|149|140|149|166|169|164|132|101|83|75|53|31|2090|170|West
* Aug 21,|2009|Friday|12|9|4|10|11|30|51|72|78|105|131|123|144|151|167|183|206|191|155|117|102|86|69|44|2251|170|West
* Aug 22,|2009|Saturday|20|17|5|8|6|10|24|50|79|119|141|145|150|153|156|157|165|149|128|118|98|89|71|45|2103|170|West
* Aug 23,|2009|Sunday|27|15|6|7|7|7|11|24|49|85|126|165|188|225|244|278|284|293|286|232|163|130|66|33|2951|170|West
* Aug 24,|2009|Monday|10|6|6|7|19|43|69|79|91|106|120|124|125|129|145|138|153|145|102|75|64|59|31|17|1863|170|West
* Aug 25,|2009|Tuesday|10|7|5|9|9|21|55|68|82|97|114|102|109|123|127|140|153|139|100|84|63|50|32|18|1717|170|West
* Aug 26,|2009|Wednesday|8|8|4|11|10|30|54|71|83|103|109|113|108|124|130|142|151|145|109|76|73|52|37|23|1774|170|West
* Aug 27,|2009|Thursday|10|7|5|10|10|29|56|71|83|93|110|118|132|125|132|148|150|146|117|89|73|67|47|28|1856|170|West
* Aug 28,|2009|Friday|10|8|4|9|10|27|46|64|69|93|116|109|127|134|148|163|183|169|138|104|90|76|61|40|1998|170|West
* Aug 29,|2009|Saturday|18|15|5|7|6|9|21|45|70|106|125|129|133|136|138|139|147|132|113|105|87|79|63|39|1867|170|West
* Aug 30,|2009|Sunday|24|13|6|7|7|7|10|21|44|75|112|146|167|200|217|247|252|260|254|206|144|115|59|27|2620|170|West
* Aug 31,|2009|Monday|13|7|7|8|23|53|86|97|112|130|148|152|153|159|178|170|189|178|125|93|78|73|39|24|2295|170|West
Sep 1, 2009|Tuesday|8|5|6|12|10|44|58|105|89|113|125|117|119|90|120|108|145|136|106|76|50|46|18|9|1715|170|East
Sep 2, 2009|Wednesday|14|8|2|5|10|44|58|116|115|108|134|138|137|134|121|136|175|147|85|99|71|47|26|20|1950|170|East
Sep 3, 2009|Thursday|9|8|3|2|18|42|66|112|109|136|136|141|158|123|153|157|182|191|172|139|100|57|37|32|2283|170|East
Sep 4, 2009|Friday|15|10|5|6|11|36|51|103|112|149|178|209|219|226|262|320|357|396|404|320|227|114|75|43|3848|170|East
Sep 5, 2009|Saturday|30|23|15|5|8|35|21|49|116|194|242|279|245|203|211|176|139|148|128|115|75|56|43|18|2574|170|East
Sep 6, 2009|Sunday|20|6|6|4|7|17|12|22|67|106|143|160|155|119|129|129|111|119|88|88|70|55|35|22|1690|170|East
Sep 7, 2009|Monday|8|4|4|7|5|10|17|21|37|98|131|152|121|171|121|118|114|104|107|73|60|36|36|19|1574|170|East
Sep 8, 2009|Tuesday|2|6|8|11|15|47|60|119|106|124|129|130|120|115|114|135|134|137|86|58|29|24|15|15|1739|170|East
Sep 9, 2009|Wednesday|5|6|6|3|10|45|57|128|99|129|142|119|114|121|117|101|135|148|71|70|55|40|17|14|1752|170|East
Sep 10, 2009|Thursday|12|5|4|5|17|43|60|140|96|104|110|114|106|118|137|144|174|154|109|86|66|51|28|24|1907|170|East
* Sep 11,|2009|Friday|8|6|6|7|11|41|68|114|119|133|139|143|148|167|179|193|238|255|223|165|112|72|50|34|2631|170|East
Sep 12, 2009|Saturday|16|17|14|4|5|22|31|68|104|163|157|196|184|140|130|148|115|111|98|80|80|50|31|16|1980|170|East
Sep 13, 2009|Sunday|25|31|10|10|8|13|11|30|55|105|126|133|126|92|101|129|120|133|113|100|77|39|25|9|1621|170|East
Sep 14, 2009|Monday|10|6|7|10|14|41|63|129|92|75|133|121|112|112|114|119|113|110|83|71|51|42|25|7|1660|170|East
Sep 15, 2009|Tuesday|11|5|2|8|13|45|65|121|88|122|110|102|96|98|136|129|137|112|102|49|67|27|21|12|1678|170|East
Sep 16, 2009|Wednesday|4|5|2|7|18|36|60|152|117|94|109|134|101|116|132|112|139|141|86|72|71|31|30|17|1786|170|East
Sep 17, 2009|Thursday|13|11|3|3|17|41|59|120|114|113|128|117|144|138|136|154|216|153|117|102|78|46|40|15|2078|170|East
Sep 18, 2009|Friday|12|7|3|6|12|43|58|121|131|113|155|188|157|163|206|232|282|261|245|206|118|92|52|38|2901|170|East
Sep 19, 2009|Saturday|13|8|7|6|11|29|37|66|157|176|179|198|171|154|140|133|113|121|102|82|81|68|39|23|2114|170|East
Sep 20, 2009|Sunday|9|10|10|3|2|16|14|30|89|91|122|164|150|138|134|119|135|101|128|86|95|53|46|11|1756|170|East
Sep 21, 2009|Monday|7|5|6|8|12|49|64|118|96|114|108|99|105|111|129|136|130|148|88|58|44|34|21|13|1703|170|East
Sep 22, 2009|Tuesday|10|7|9|8|11|46|78|108|114|102|121|112|142|115|123|149|159|114|98|86|79|43|22|15|1871|170|East
Sep 23, 2009|Wednesday|6|5|5|7|14|43|70|118|97|109|121|133|107|116|92|112|137|129|90|72|67|55|28|17|1750|170|East
Sep 24, 2009|Thursday|7|8|4|8|14|40|66|111|113|127|106|128|121|127|133|166|170|134|141|99|59|45|28|20|1975|170|East
Sep 25, 2009|Friday|6|6|1|11|9|34|52|118|123|130|141|143|159|173|205|226|255|236|251|164|114|70|46|31|2704|170|East
Sep 26, 2009|Saturday|17|14|11|4|8|31|36|56|131|157|171|214|157|144|139|108|95|106|119|109|80|63|29|21|2020|170|East
Sep 27, 2009|Sunday|22|10|6|6|4|21|16|26|66|108|122|134|137|129|126|123|126|115|115|92|64|39|24|18|1649|170|East
Sep 28, 2009|Monday|7|6|5|5|23|47|67|119|100|100|92|111|100|102|115|122|148|113|87|72|49|35|25|14|1664|170|East
Sep 29, 2009|Tuesday|10|7|2|7|13|41|70|121|106|120|109|108|109|102|101|107|125|118|89|69|57|43|16|20|1670|170|East
Sep 30, 2009|Wednesday|10|5|3|7|12|38|61|133|80|99|113|109|116|123|104|143|167|125|88|63|54|33|22|11|1719|170|East
* Sep 1,|2009|Tuesday|7|7|5|9|8|32|62|86|95|101|113|119|126|120|137|164|169|154|122|90|72|62|27|18|1905|170|West
* Sep 2,|2009|Wednesday|7|6|5|9|8|29|59|86|98|101|103|110|112|125|139|161|158|156|105|79|74|62|35|22|1849|170|West
* Sep 3,|2009|Thursday|11|7|7|11|9|27|60|88|107|106|121|129|136|145|152|174|179|168|122|101|76|69|38|19|2062|170|West
* Sep 4,|2009|Friday|31|9|5|17|11|39|73|102|125|144|170|190|157|198|238|299|282|281|208|164|147|136|83|54|3163|170|West
* Sep 5,|2009|Saturday|22|15|7|6|9|16|23|47|97|101|155|143|180|135|155|145|149|149|142|140|108|79|55|42|2120|170|West
* Sep 6,|2009|Sunday|20|14|6|6|8|14|16|30|60|76|112|144|153|189|200|220|249|232|220|190|148|75|45|27|2454|170|West
* Sep 7,|2009|Monday|8|5|5|6|15|45|70|91|90|91|110|106|121|115|143|151|147|147|96|74|58|50|29|25|1798|170|West
* Sep 8,|2009|Tuesday|6|6|4|9|7|29|56|78|86|91|102|107|114|108|124|149|153|139|111|82|65|56|24|20|1726|170|West
* Sep 9,|2009|Wednesday|6|5|4|8|7|27|53|77|89|91|93|100|102|114|126|145|143|141|96|71|67|56|32|22|1675|170|West
* Sep 10,|2009|Thursday|10|6|6|10|9|24|54|80|97|96|109|117|123|132|138|157|163|152|111|91|69|63|34|17|1868|170|West
* Sep 11,|2009|Friday|21|6|3|12|7|27|50|70|86|99|117|131|108|136|164|206|194|193|143|113|101|93|57|40|2177|170|West
* Sep 12,|2009|Saturday|20|14|6|5|9|15|21|43|88|91|140|130|163|122|140|132|135|135|129|126|98|71|50|37|1920|170|West
* Sep 13,|2009|Sunday|18|13|5|5|7|13|15|28|54|69|102|131|139|171|181|199|226|210|199|172|134|68|40|24|2223|170|West
* Sep 14,|2009|Monday|9|6|6|7|16|47|74|97|95|97|117|112|128|121|152|159|155|155|101|79|62|53|30|22|1900|170|West
* Sep 15,|2009|Tuesday|7|7|4|9|8|30|60|82|91|97|108|114|120|115|131|157|162|147|117|87|69|60|26|16|1824|170|West
* Sep 16,|2009|Wednesday|7|6|4|9|8|28|56|82|94|96|99|105|108|120|133|154|151|149|101|75|71|59|34|21|1770|170|West
* Sep 17,|2009|Thursday|10|7|7|10|9|26|57|84|102|101|116|124|130|139|146|166|172|161|117|97|73|66|36|18|1974|170|West
* Sep 18,|2009|Friday|22|7|3|12|8|28|53|74|91|104|123|138|114|144|173|218|205|204|152|119|107|99|61|41|2300|170|West
* Sep 19,|2009|Saturday|21|15|7|6|9|16|22|45|93|97|148|137|172|129|148|139|143|143|136|134|103|75|53|38|2029|170|West
* Sep 20,|2009|Sunday|19|13|6|6|8|13|16|29|57|73|108|138|147|181|192|211|239|222|211|182|141|72|43|22|2349|170|West
* Sep 21,|2009|Monday|9|6|6|7|15|46|73|95|94|95|115|110|126|119|149|157|152|152|99|77|61|52|30|21|1866|170|West
* Sep 22,|2009|Tuesday|7|7|4|9|8|30|58|81|89|95|106|111|118|113|129|154|159|145|115|85|67|58|25|18|1791|170|West
* Sep 23,|2009|Wednesday|7|6|4|9|8|28|55|80|93|95|97|104|106|118|131|151|149|147|99|74|69|58|33|18|1739|170|West
* Sep 24,|2009|Thursday|10|7|7|10|9|25|56|83|100|99|114|121|128|137|143|163|169|158|115|95|72|65|35|18|1939|170|West
* Sep 25,|2009|Friday|22|7|3|12|8|28|52|73|89|103|121|136|112|141|170|214|202|201|149|117|105|97|60|37|2259|170|West
* Sep 26,|2009|Saturday|21|14|7|6|9|15|22|44|92|95|146|135|169|127|146|137|140|140|133|131|101|74|52|37|1993|170|West
* Sep 27,|2009|Sunday|19|13|6|6|8|13|15|29|56|72|106|135|144|177|188|207|235|218|207|178|139|70|42|24|2307|170|West
* Sep 28,|2009|Monday|9|6|6|7|16|47|74|97|95|97|117|112|128|121|152|159|155|155|101|79|62|53|30|22|1900|170|West
* Sep 29,|2009|Tuesday|7|7|4|9|8|30|60|82|91|97|108|114|120|115|131|157|162|147|117|87|69|60|26|16|1824|170|West
* Sep 30,|2009|Wednesday|7|6|4|9|8|28|56|82|94|96|99|105|108|120|133|154|151|149|101|75|71|59|34|21|1770|170|West
Oct 1, 2009|Thursday|11|12|7|7|21|42|63|121|104|138|134|154|147|142|170|174|172|173|144|92|73|54|19|17|2191|170|East
Oct 2, 2009|Friday|7|11|3|5|12|38|65|115|117|149|148|167|173|181|184|210|199|209|196|133|93|69|48|36|2568|170|East
Oct 3, 2009|Saturday|13|21|7|6|11|25|37|64|111|114|159|171|160|163|156|142|139|111|145|103|81|56|46|23|2064|170|East
Oct 4, 2009|Sunday|12|12|10|3|4|16|15|19|45|105|118|179|145|147|167|163|159|134|121|111|60|35|26|15|1821|170|East
Oct 5, 2009|Monday|6|8|2|7|22|49|76|120|96|108|136|138|131|135|120|124|138|126|86|76|38|16|18|19|1795|170|East
Oct 6, 2009|Tuesday|9|7|3|2|17|54|68|119|107|116|114|104|125|119|105|129|153|113|97|58|34|47|25|13|1738|170|East
* Oct 7,|2009|Wednesday|2|6|9|5|13|50|71|121|104|105|114|121|109|128|116|147|151|149|81|56|50|32|21|13|1774|170|East
Oct 8, 2009|Thursday|10|3|2|2|13|42|70|122|129|95|134|132|119|124|149|186|171|161|104|96|69|54|30|26|2043|170|East
Oct 9, 2009|Friday|5|8|6|8|12|49|73|129|116|124|147|169|155|163|183|193|209|214|171|116|82|59|49|55|2495|170|East
Oct 10, 2009|Saturday|18|18|13|7|22|28|29|60|97|134|160|193|165|176|154|141|132|109|96|107|75|62|41|31|2068|170|East
Oct 11, 2009|Sunday|15|21|6|6|9|11|18|37|43|103|120|132|148|136|123|136|145|139|121|82|59|58|36|15|1719|170|East
Oct 12, 2009|Monday|14|10|6|9|21|49|69|112|99|91|88|89|131|63|161|127|127|138|94|55|58|38|15|12|1676|170|East
Oct 13, 2009|Tuesday|9|7|5|17|21|58|67|109|96|113|89|116|133|138|128|103|122|139|108|73|52|36|31|18|1788|170|East
Oct 14, 2009|Wednesday|16|22|23|23|9|42|58|130|121|135|126|103|134|126|127|141|164|143|110|63|56|47|30|21|1970|170|East
Oct 15, 2009|Thursday|13|16|17|16|15|50|68|104|120|109|120|156|159|170|164|180|206|161|134|97|56|43|36|24|2234|170|East
Oct 16, 2009|Friday|18|10|8|8|20|53|67|96|111|128|145|163|195|166|193|188|211|182|141|122|68|48|37|30|2408|170|East
Oct 17, 2009|Saturday|26|11|5|5|12|24|24|35|102|127|152|157|155|138|108|123|135|150|115|100|71|48|54|59|1936|170|East
Oct 18, 2009|Sunday|23|9|7|14|5|9|14|28|73|95|121|150|154|168|180|151|165|150|125|99|85|41|21|12|1899|170|East
Oct 19, 2009|Monday|8|8|8|11|17|50|65|114|82|99|98|126|97|114|110|95|134|118|89|55|52|34|18|14|1616|170|East
Oct 20, 2009|Tuesday|8|13|3|8|14|49|61|122|111|115|112|106|126|130|110|122|136|116|93|68|38|30|21|16|1728|170|East
Oct 21, 2009|Wednesday|11|5|3|3|20|51|59|108|95|102|101|124|103|120|127|132|159|127|103|74|54|58|38|24|1801|170|East
Oct 22, 2009|Thursday|9|5|5|15|17|55|92|88|86|99|118|133|126|116|155|156|162|153|111|109|104|50|36|28|2028|170|East
Oct 23, 2009|Friday|21|22|12|18|28|61|66|99|116|122|128|150|132|152|158|201|191|180|155|124|84|58|30|31|2339|170|East
Oct 24, 2009|Saturday|20|17|7|4|11|22|33|45|99|108|140|148|127|111|139|88|128|110|111|91|56|44|34|23|1716|170|East
Oct 25, 2009|Sunday|15|8|9|4|5|11|11|25|65|95|107|93|136|122|122|159|141|133|120|92|58|30|21|10|1592|170|East
Oct 26, 2009|Monday|9|4|7|7|21|49|69|111|87|123|91|108|109|99|116|128|130|127|81|48|47|33|11|12|1627|170|East
Oct 27, 2009|Tuesday|11|6|5|10|14|43|72|118|102|116|81|106|105|116|101|130|108|118|73|42|34|66|21|11|1609|170|East
Oct 28, 2009|Wednesday|12|4|7|8|16|37|60|102|92|99|98|97|98|96|124|123|150|106|75|64|54|29|25|14|1590|170|East
Oct 29, 2009|Thursday|10|7|5|4|11|41|72|109|94|119|105|142|143|177|146|173|195|161|109|73|49|36|19|11|2011|170|East
Oct 30, 2009|Friday|9|14|2|7|10|38|56|87|98|108|134|100|119|133|151|189|194|186|135|119|97|48|40|32|2106|170|East
Oct 31, 2009|Saturday|25|17|10|23|20|51|34|46|46|86|136|146|120|138|122|97|78|98|84|74|46|71|40|26|1634|170|East
* Oct 1,|2009|Thursday|12|6|6|15|11|24|50|85|107|106|128|133|140|137|161|162|179|169|130|94|78|73|37|21|2064|170|West
* Oct 2,|2009|Friday|12|8|8|13|8|29|50|78|95|102|121|129|142|163|187|215|227|224|150|129|93|102|57|36|2378|170|West
* Oct 3,|2009|Saturday|40|10|8|8|8|12|20|40|58|84|120|122|135|145|139|151|141|141|121|105|92|70|64|115|1949|170|West
* Oct 4,|2009|Sunday|24|11|8|7|6|11|16|20|48|73|94|120|131|143|168|195|203|214|171|157|106|74|40|20|2060|170|West
* Oct 5,|2009|Monday|10|6|4|6|14|41|61|89|96|92|100|96|108|117|127|136|146|145|97|73|63|52|28|15|1722|170|West
* Oct 6,|2009|Tuesday|8|6|4|11|8|22|53|83|97|102|96|91|97|113|133|158|173|158|96|80|56|56|32|23|1756|170|West
* Oct 7,|2009|Wednesday|10|5|4|10|8|25|52|83|98|101|100|101|107|119|134|149|179|159|130|88|67|60|37|28|1854|170|West
* Oct 8,|2009|Thursday|12|5|5|14|11|23|49|84|106|104|125|131|137|134|158|159|176|166|128|92|77|71|36|24|2027|170|West
* Oct 9,|2009|Friday|12|8|8|13|8|29|49|77|93|100|119|126|140|161|184|211|223|220|147|126|91|100|56|35|2336|170|West
* Oct 10,|2009|Saturday|40|10|8|8|8|12|20|40|57|83|118|120|132|142|137|149|139|139|119|104|90|68|63|109|1915|170|West
* Oct 11,|2009|Sunday|23|11|8|7|6|11|15|20|47|72|92|118|129|141|165|192|199|210|168|154|105|73|40|18|2024|170|West
* Oct 12,|2009|Monday|10|6|5|6|15|42|62|92|98|95|103|98|111|120|130|140|150|149|99|75|64|53|28|18|1769|170|West
* Oct 13,|2009|Tuesday|8|6|5|11|8|23|54|85|100|105|98|94|100|117|137|162|178|162|98|83|58|58|33|21|1804|170|West
* Oct 14,|2009|Wednesday|10|6|5|10|8|26|53|86|100|104|103|104|109|122|138|153|184|164|133|90|69|62|38|28|1905|170|West
* Oct 15,|2009|Thursday|12|6|6|15|11|24|51|86|108|107|129|134|141|138|163|164|181|170|131|95|79|73|37|21|2082|170|West
* Oct 16,|2009|Friday|12|8|8|14|8|29|51|79|96|103|122|130|144|165|189|217|229|226|151|130|94|103|58|34|2400|170|West
* Oct 17,|2009|Saturday|41|10|8|8|8|12|20|41|59|85|121|123|136|146|140|153|143|143|122|106|93|70|65|114|1967|170|West
* Oct 18,|2009|Sunday|24|11|8|7|6|11|16|20|49|73|95|121|132|145|170|197|205|216|173|158|107|75|41|19|2079|170|West
* Oct 19,|2009|Monday|9|5|4|5|14|38|57|84|91|87|95|91|102|110|120|129|138|137|92|69|59|49|26|17|1628|170|West
* Oct 20,|2009|Tuesday|7|5|4|10|7|21|50|78|92|97|91|86|92|107|126|149|164|149|91|76|53|53|30|22|1660|170|West
* Oct 21,|2009|Wednesday|9|5|4|9|7|24|49|79|92|96|95|96|101|112|127|141|169|151|123|83|63|57|35|26|1753|170|West
* Oct 22,|2009|Thursday|11|5|5|14|10|22|47|79|100|99|118|124|130|127|150|151|166|157|121|87|73|68|34|18|1916|170|West
* Oct 23,|2009|Friday|11|7|7|12|7|27|47|73|88|95|112|120|132|152|174|200|211|208|139|120|86|95|53|32|2208|170|West
* Oct 24,|2009|Saturday|37|9|7|7|7|11|19|37|54|78|111|114|125|134|129|141|131|131|112|98|85|65|59|109|1810|170|West
* Oct 25,|2009|Sunday|22|10|7|6|5|10|15|19|45|68|87|111|122|133|156|181|188|199|159|146|99|69|37|19|1913|170|West
* Oct 26,|2009|Monday|9|5|4|5|13|37|54|80|86|83|90|86|97|105|114|123|132|131|87|65|56|47|25|16|1550|170|West
* Oct 27,|2009|Tuesday|7|5|4|10|7|20|48|74|87|92|86|82|87|102|120|142|156|142|86|72|51|51|29|21|1581|170|West
* Oct 28,|2009|Wednesday|9|5|4|9|7|23|46|75|88|91|90|91|96|107|121|134|161|143|117|79|60|54|34|25|1669|170|West
* Oct 29,|2009|Thursday|11|5|5|13|10|21|45|75|95|94|113|118|124|121|142|143|158|149|115|83|69|64|33|18|1824|170|West
* Oct 30,|2009|Friday|11|7|7|12|7|26|45|69|84|90|107|114|126|144|165|190|201|198|133|114|82|90|50|30|2102|170|West
* Oct 31,|2009|Saturday|36|9|7|7|7|11|18|36|52|74|106|108|119|128|123|134|125|125|107|93|81|61|57|99|1723|170|West
* Nov 1,|2009|Sunday|14|14|7|7|10|20|22|26|46|88|97|111|126|111|116|120|125|119|106|84|66|44|23|10|1512|170|East
* Nov 2,|2009|Monday|17|10|12|12|21|49|72|122|118|127|118|111|126|114|122|114|122|131|93|56|44|31|26|17|1785|170|East
* Nov 3,|2009|Tuesday|12|13|10|8|14|44|65|116|104|113|110|122|116|120|119|128|140|125|98|65|52|38|33|16|1781|170|East
Nov 4, 2009|Wednesday|6|9|5|9|12|39|82|127|94|102|128|118|120|111|114|162|145|133|91|60|40|27|20|23|1777|170|East
Nov 5, 2009|Thursday|8|4|1|5|14|47|74|132|97|114|108|113|120|130|121|144|158|155|143|109|44|46|31|14|1932|170|East
Nov 6, 2009|Friday|11|8|4|6|16|43|78|115|115|135|135|142|160|175|207|169|234|226|184|120|74|54|34|35|2480|170|East
Nov 7, 2009|Saturday|54|21|5|9|16|33|25|37|54|116|135|144|148|143|149|113|93|115|105|90|61|56|35|25|1782|170|East
Nov 8, 2009|Sunday|10|4|8|3|3|23|20|14|58|80|93|111|138|153|139|127|174|165|135|116|94|37|35|19|1759|170|East
Nov 9, 2009|Monday|5|4|5|8|19|36|78|118|101|124|99|129|121|143|101|115|124|111|96|60|61|30|21|15|1724|170|East
Nov 10, 2009|Tuesday|5|7|5|9|19|49|74|93|97|92|98|99|124|113|132|120|140|134|124|54|48|22|20|15|1693|170|East
Nov 11, 2009|Wednesday|4|6|2|5|17|29|48|109|89|101|128|123|101|100|131|104|108|142|99|76|42|26|21|13|1624|170|East
Nov 12, 2009|Thursday|7|3|7|8|16|46|60|102|97|92|116|113|132|112|153|152|154|155|128|89|64|37|38|28|1909|170|East
Nov 13, 2009|Friday|15|9|10|15|9|40|48|102|107|105|127|125|132|142|152|183|182|182|170|113|73|51|46|42|2180|170|East
Nov 14, 2009|Saturday|30|11|8|22|10|37|45|74|87|95|126|125|109|114|103|100|95|110|88|68|74|43|19|27|1620|170|East
Nov 15, 2009|Sunday|11|19|21|9|14|22|26|39|44|97|115|124|118|135|122|110|136|124|154|118|75|79|26|18|1756|170|East
Nov 16, 2009|Monday|16|22|21|19|34|30|85|131|95|111|99|92|104|99|131|96|124|112|84|53|37|33|19|22|1669|170|East
Nov 17, 2009|Tuesday|5|5|12|5|10|39|80|95|104|119|79|118|102|102|102|102|123|120|73|44|44|31|20|14|1548|170|East
Nov 18, 2009|Wednesday|3|7|4|13|14|36|56|147|90|114|98|85|98|92|98|108|125|129|81|48|38|27|23|12|1546|170|East
Nov 19, 2009|Thursday|8|4|0|5|11|29|60|126|85|109|105|106|80|124|137|166|196|156|101|71|50|38|28|21|1816|170|East
Nov 20, 2009|Friday|7|5|24|11|19|30|57|111|98|121|102|110|123|119|144|148|181|192|154|97|77|54|52|29|2065|170|East
Nov 21, 2009|Saturday|10|15|14|10|24|28|45|55|76|94|132|127|101|106|109|83|102|127|102|77|46|33|29|20|1565|170|East
Nov 22, 2009|Sunday|10|7|2|5|8|11|17|14|43|69|89|108|88|105|96|90|92|86|95|62|43|31|23|13|1207|170|East
Nov 23, 2009|Monday|7|6|5|13|24|44|58|125|93|116|73|108|97|95|100|110|135|116|76|42|35|34|14|11|1537|170|East
Nov 24, 2009|Tuesday|10|5|1|9|10|43|63|115|91|88|134|102|111|129|131|137|156|149|103|58|34|36|24|10|1749|170|East
Nov 25, 2009|Wednesday|8|10|4|5|9|35|53|124|92|116|109|137|145|187|188|193|221|253|184|142|113|56|41|33|2458|170|East
* Nov 26,|2009|Thursday|9|8|7|8|15|41|63|108|95|108|108|98|116|119|137|138|147|136|106|74|53|35|25|26|1780|170|East
* Nov 27,|2009|Friday|22|14|6|19|20|33|59|102|114|116|134|165|158|163|179|158|186|178|149|99|72|48|30|26|2250|170|East
Nov 28, 2009|Saturday|17|24|19|16|23|25|24|28|61|95|127|143|122|144|142|133|132|120|95|95|63|47|45|75|1815|170|East
* Nov 29,|2009|Sunday|15|15|8|8|11|22|24|29|51|98|108|123|140|123|129|133|139|132|118|94|74|48|25|13|1680|170|East
* Nov 30,|2009|Monday|17|10|13|13|22|51|75|128|123|132|123|116|131|120|128|120|128|137|98|58|46|33|27|17|1866|170|East
* Nov 1,|2009|Sunday|12|13|7|5|6|6|13|16|33|47|57|77|97|100|126|138|141|137|116|89|90|51|28|13|1418|170|West
* Nov 2,|2009|Monday|7|7|4|8|9|30|58|83|90|88|97|100|108|121|128|134|153|133|82|70|56|40|32|15|1653|170|West
* Nov 3,|2009|Tuesday|8|6|3|12|8|20|48|80|99|84|95|95|104|118|131|157|150|153|92|75|54|63|38|19|1712|170|West
* Nov 4,|2009|Wednesday|8|6|7|10|8|26|52|74|89|89|100|110|118|128|139|165|179|169|113|77|67|57|27|14|1832|170|West
* Nov 5,|2009|Thursday|9|8|3|11|8|22|45|80|94|94|108|121|137|129|150|160|156|160|109|89|70|60|39|23|1885|170|West
* Nov 6,|2009|Friday|9|7|6|12|10|21|43|75|88|92|119|131|141|166|200|211|213|197|141|106|87|79|51|30|2235|170|West
* Nov 7,|2009|Saturday|16|8|11|8|12|21|31|41|63|107|118|108|127|109|115|120|116|123|97|79|79|54|32|22|1617|170|West
* Nov 8,|2009|Sunday|13|14|8|6|7|7|14|18|37|53|64|87|109|112|141|154|158|153|130|100|101|58|31|15|1590|170|West
* Nov 9,|2009|Monday|6|6|4|7|8|28|54|78|84|82|91|94|101|113|120|126|144|125|77|66|52|37|30|16|1549|170|West
* Nov 10,|2009|Tuesday|7|5|3|11|7|19|45|75|93|79|89|89|98|110|123|147|140|144|86|71|51|59|35|18|1604|170|West
* Nov 11,|2009|Wednesday|7|5|6|9|7|24|49|70|83|83|94|103|110|120|130|154|168|158|106|72|63|53|25|18|1717|170|West
* Nov 12,|2009|Thursday|8|7|3|10|7|21|43|75|88|88|101|113|129|121|140|150|146|150|102|83|65|56|36|24|1766|170|West
* Nov 13,|2009|Friday|8|6|5|11|9|20|41|71|82|86|111|123|132|156|187|197|200|185|132|100|81|74|48|29|2094|170|West
* Nov 14,|2009|Saturday|15|7|10|7|11|20|29|39|59|100|110|101|119|102|107|113|108|116|91|74|74|51|30|22|1515|170|West
* Nov 15,|2009|Sunday|12|14|7|5|6|6|14|17|34|50|60|81|102|105|132|145|148|143|122|94|95|54|29|15|1490|170|West
* Nov 16,|2009|Monday|6|6|4|7|8|26|49|71|77|75|83|86|92|104|109|115|131|114|70|60|48|34|28|12|1415|170|West
* Nov 17,|2009|Tuesday|7|5|3|10|7|17|41|68|85|72|82|82|89|101|112|134|128|131|79|65|47|54|32|14|1465|170|West
* Nov 18,|2009|Wednesday|7|5|6|9|7|22|45|64|76|76|86|94|101|109|119|141|153|145|97|66|57|49|23|11|1568|170|West
* Nov 19,|2009|Thursday|8|7|3|9|7|19|39|68|81|81|92|103|118|110|128|137|134|137|93|76|60|51|33|20|1614|170|West
* Nov 20,|2009|Friday|8|6|5|10|9|18|37|65|75|79|102|112|121|142|171|180|182|169|121|91|74|67|44|25|1913|170|West
* Nov 21,|2009|Saturday|13|7|10|7|10|18|27|35|54|91|101|92|109|93|98|103|99|106|83|68|68|47|28|17|1384|170|West
* Nov 22,|2009|Sunday|11|12|7|5|6|6|12|15|31|46|55|74|93|96|121|132|135|131|111|85|86|49|27|15|1361|170|West
* Nov 23,|2009|Monday|7|7|4|8|9|30|58|83|90|88|97|100|108|121|128|134|153|133|82|70|56|40|32|15|1653|170|West
* Nov 24,|2009|Tuesday|8|6|3|12|8|20|48|80|99|84|95|95|104|118|131|157|150|153|92|75|54|63|38|19|1712|170|West
* Nov 25,|2009|Wednesday|8|6|7|10|8|26|52|74|89|89|100|110|118|128|139|165|179|169|113|77|67|57|27|14|1832|170|West
* Nov 26,|2009|Thursday|9|8|3|11|8|22|45|80|94|94|108|121|137|129|150|160|156|160|109|89|70|60|39|23|1885|170|West
* Nov 27,|2009|Friday|9|7|6|12|10|21|43|75|88|92|119|131|141|166|200|211|213|197|141|106|87|79|51|30|2235|170|West
* Nov 28,|2009|Saturday|16|8|11|8|12|21|31|41|63|107|118|108|127|109|115|120|116|123|97|79|79|54|32|22|1617|170|West
* Nov 29,|2009|Sunday|13|14|8|6|7|7|14|18|37|53|64|87|109|112|141|154|158|153|130|100|101|58|31|15|1590|170|West
* Nov 30,|2009|Monday|7|7|5|8|9|31|60|87|94|92|101|105|113|127|134|141|160|139|86|73|58|42|34|15|1728|170|West
Dec 1, 2009|Tuesday|21|23|17|24|21|58|77|106|96|100|112|96|92|103|109|89|164|185|115|77|44|38|45|21|1833|170|East
* Dec 2,|2009|Wednesday|10|15|13|17|31|31|34|118|86|95|107|81|107|106|99|142|140|148|72|61|44|25|15|23|1620|170|East
* Dec 3,|2009|Thursday|10|8|13|16|19|31|63|111|82|121|127|121|132|129|138|147|134|143|110|81|59|41|31|33|1900|170|East
Dec 4, 2009|Friday|6|8|7|7|15|27|55|102|90|98|135|128|127|157|184|157|216|197|157|93|62|52|25|21|2126|170|East
Dec 5, 2009|Saturday|13|9|4|6|5|22|31|43|66|97|137|147|159|121|144|121|124|115|82|80|70|54|50|35|1735|170|East
Dec 6, 2009|Sunday|10|10|8|3|8|10|16|15|34|63|73|132|136|131|124|114|148|118|93|89|52|38|36|5|1466|170|East
* Dec 7,|2009|Monday|6|7|8|7|13|31|56|93|80|107|115|111|132|119|129|110|108|109|86|55|47|39|31|23|1622|170|East
* Dec 8,|2009|Tuesday|8|6|5|5|13|31|53|91|80|97|109|106|108|115|105|110|104|102|80|49|47|34|35|22|1515|170|East
* Dec 9,|2009|Wednesday|6|6|5|5|13|31|57|91|86|97|82|105|114|110|106|107|118|112|69|59|49|35|23|25|1511|170|East
Dec 10, 2009|Thursday|18|3|2|5|19|25|63|104|92|123|86|94|107|114|105|134|142|130|125|59|50|45|30|15|1690|170|East
* Dec 11,|2009|Friday|12|13|7|13|19|29|50|87|100|121|120|127|130|138|143|155|144|147|129|73|62|49|39|37|1944|170|East
* Dec 12,|2009|Saturday|10|10|6|3|5|19|19|39|78|117|132|135|128|111|102|104|92|84|60|50|42|37|32|31|1446|170|East
* Dec 13,|2009|Sunday|13|9|8|9|15|7|11|14|39|84|103|131|120|120|114|102|96|93|87|63|49|40|24|17|1368|170|East
* Dec 14,|2009|Monday|18|11|15|12|20|41|47|117|54|84|97|109|104|104|132|122|112|109|76|43|30|38|30|20|1545|170|East
Dec 15, 2009|Tuesday|9|9|9|10|14|36|46|102|81|84|97|95|92|94|117|104|121|87|76|45|54|19|36|19|1456|170|East
Dec 16, 2009|Wednesday|12|14|7|10|21|30|58|108|97|96|107|120|81|113|128|124|159|117|96|70|59|28|26|13|1694|170|East
* Dec 17,|2009|Thursday|7|7|1|8|13|39|53|111|108|143|106|131|126|146|160|153|159|135|110|81|89|60|57|27|2030|170|East
* Dec 18,|2009|Friday|13|14|8|14|20|31|54|93|107|130|129|135|138|147|153|166|154|157|137|78|66|53|42|37|2076|170|East
* Dec 19,|2009|Saturday|27|13|12|7|11|15|26|44|75|130|141|150|183|157|140|131|110|122|95|71|37|36|31|30|1794|170|East
* Dec 20,|2009|Sunday|17|10|8|2|8|9|16|24|45|75|109|146|109|108|92|89|87|90|84|61|47|39|23|14|1312|170|East
Dec 21, 2009|Monday|14|4|6|10|8|35|57|96|92|105|130|123|107|104|99|136|143|121|82|55|50|32|48|8|1665|170|East
* Dec 22,|2009|Tuesday|9|7|5|5|14|33|56|97|86|103|117|113|115|123|112|118|111|109|86|53|51|36|37|22|1618|170|East
Dec 23, 2009|Wednesday|10|5|5|5|20|24|55|107|97|120|138|130|151|158|168|179|193|178|152|150|71|55|52|26|2249|170|East
* Dec 24,|2009|Thursday|5|4|7|8|10|16|32|58|43|62|65|62|68|67|71|76|69|74|57|42|31|21|16|18|982|170|East
* Dec 25,|2009|Friday|25|22|24|26|10|9|7|22|30|60|61|92|70|64|59|65|60|62|48|32|23|20|12|9|912|170|East
* Dec 26,|2009|Saturday|3|0|0|1|2|14|16|26|38|33|79|92|99|124|110|105|89|70|43|36|32|25|23|22|1082|170|East
* Dec 27,|2009|Sunday|7|6|2|5|11|8|28|42|27|93|164|139|120|116|105|99|90|90|79|61|47|39|23|14|1415|170|East
* Dec 28,|2009|Monday|6|7|8|7|13|31|56|93|81|108|115|112|133|119|129|111|109|110|86|55|47|39|31|20|1626|170|East
* Dec 29,|2009|Tuesday|19|8|8|11|17|25|44|78|67|82|114|120|90|97|112|123|136|104|92|63|35|33|34|19|1531|170|East
Dec 30, 2009|Wednesday|11|3|6|3|12|26|43|78|69|128|138|133|125|113|131|136|142|126|119|89|61|35|26|16|1769|170|East
* Dec 31,|2009|Thursday|13|11|2|7|10|26|40|71|76|108|147|121|167|149|186|177|136|124|129|70|51|35|27|27|1910|170|East
* Dec 1,|2009|Tuesday|10|3|1|3|7|15|44|68|80|85|104|109|100|124|138|146|167|146|95|80|67|65|46|28|1731|170|West
* Dec 2,|2009|Wednesday|9|6|5|7|6|20|43|67|80|90|93|110|104|134|136|137|163|148|108|86|60|56|46|17|1731|170|West
* Dec 3,|2009|Thursday|15|6|3|7|6|19|41|75|79|75|95|112|105|117|122|145|141|125|87|61|60|51|37|19|1603|170|West
* Dec 4,|2009|Friday|9|6|3|5|6|19|37|61|77|79|90|101|118|135|148|174|204|164|124|93|81|85|45|34|1898|170|West
* Dec 5,|2009|Saturday|17|10|5|5|5|6|21|35|64|101|107|114|128|122|125|125|135|114|93|82|55|58|43|24|1594|170|West
* Dec 6,|2009|Sunday|15|6|7|6|3|2|9|20|37|58|76|89|107|111|125|140|123|120|106|95|72|50|24|21|1422|170|West
* Dec 7,|2009|Monday|5|5|2|4|7|21|41|71|83|90|96|106|109|125|126|132|149|138|88|72|54|53|41|23|1641|170|West
* Dec 8,|2009|Tuesday|9|3|1|3|6|13|39|61|71|75|93|97|89|110|123|130|148|130|84|71|60|58|41|22|1537|170|West
* Dec 9,|2009|Wednesday|8|5|4|6|5|17|38|60|71|80|82|98|93|119|120|121|145|132|96|76|53|49|41|18|1537|170|West
* Dec 10,|2009|Thursday|13|5|3|6|5|16|36|67|70|67|84|100|94|104|108|129|126|111|77|55|54|45|33|15|1423|170|West
* Dec 11,|2009|Friday|8|5|3|4|5|16|33|55|68|70|80|90|105|120|132|155|181|145|110|82|72|75|40|32|1686|170|West
* Dec 12,|2009|Saturday|15|9|4|4|4|5|19|31|57|90|95|101|113|108|111|111|120|101|82|73|48|52|38|25|1416|170|West
* Dec 13,|2009|Sunday|13|5|6|5|3|2|8|18|33|52|67|79|95|98|111|124|110|106|94|85|64|44|22|18|1262|170|West
* Dec 14,|2009|Monday|6|6|2|4|8|22|44|76|88|96|103|114|117|133|135|141|159|148|94|77|57|56|44|23|1753|170|West
* Dec 15,|2009|Tuesday|10|3|1|3|7|14|42|65|76|80|99|103|95|118|131|139|158|139|90|76|64|62|44|23|1642|170|West
* Dec 16,|2009|Wednesday|9|5|4|7|5|19|41|64|76|86|88|104|99|127|129|130|155|141|102|81|57|53|44|16|1642|170|West
* Dec 17,|2009|Thursday|14|5|3|7|5|18|38|71|75|71|90|107|100|111|115|137|134|119|82|58|57|48|35|20|1520|170|West
* Dec 18,|2009|Friday|9|6|3|4|6|18|35|58|73|75|86|96|112|128|141|165|194|155|118|88|77|80|43|30|1800|170|West
* Dec 19,|2009|Saturday|17|10|4|4|4|6|20|33|61|96|101|108|121|116|119|119|128|108|88|78|52|55|41|23|1512|170|West
* Dec 20,|2009|Sunday|14|6|7|6|3|2|9|19|35|55|72|84|102|105|118|132|117|114|100|91|68|47|23|19|1348|170|West
* Dec 21,|2009|Monday|5|5|2|4|7|21|42|73|84|92|98|108|112|127|128|135|152|141|89|74|55|54|42|23|1673|170|West
* Dec 22,|2009|Tuesday|10|3|1|3|7|14|42|65|76|80|99|103|95|118|131|139|158|139|90|76|64|62|44|23|1642|170|West
* Dec 23,|2009|Wednesday|8|5|4|6|5|17|37|58|69|78|80|95|90|116|117|118|141|128|93|74|52|48|40|14|1493|170|West
* Dec 24,|2009|Thursday|8|3|2|4|3|10|21|39|41|39|49|58|55|61|63|75|73|65|45|32|31|26|19|7|829|170|West
* Dec 25,|2009|Friday|4|2|2|2|2|8|16|27|33|34|39|44|51|58|64|75|88|71|54|40|35|37|19|13|818|170|West
* Dec 26,|2009|Saturday|11|6|3|3|3|4|13|21|39|61|64|69|77|74|76|76|81|69|56|50|33|35|26|12|962|170|West
* Dec 27,|2009|Sunday|14|5|6|5|3|2|8|18|34|53|69|80|97|100|113|126|112|109|96|86|65|45|22|19|1287|170|West
* Dec 28,|2009|Monday|5|5|2|4|7|20|41|71|83|90|96|107|110|125|126|133|149|139|88|72|54|53|41|21|1642|170|West
* Dec 29,|2009|Tuesday|9|3|1|3|6|13|39|61|71|75|93|97|89|111|123|131|149|131|85|71|60|58|41|21|1541|170|West
* Dec 30,|2009|Wednesday|9|6|4|7|6|20|44|69|82|93|96|114|108|139|140|141|169|153|111|88|62|57|48|18|1784|170|West
* Dec 31,|2009|Thursday|15|5|3|6|5|18|40|75|78|75|95|112|105|117|121|144|141|125|86|61|60|51|37|17|1592|170|West
